"","Date","Time","Tag.ID","Species","Lat","Lon","Signal","Receiver","timestamp.EDT","timestamp","ID"
"1",2022-09-08,"07:45","6","SOSP",45.43106,-73.93909,"203","New",2022-09-08 07:45:00,2022-09-08 11:45:00,"SOSP6"
"2",2022-09-09,"09:48","6","SOSP",45.43139,-73.94016,"232","New",2022-09-09 09:48:00,2022-09-09 13:48:00,"SOSP6"
"3",2022-09-10,"08:27","6","SOSP",45.43156,-73.94054,"210","New",2022-09-10 08:27:00,2022-09-10 12:27:00,"SOSP6"
"4",2022-09-10,"08:55","7","SOSP",45.43081,-73.93827,"250","New",2022-09-10 08:55:00,2022-09-10 12:55:00,"SOSP7"
"5",2022-09-11,"08:19","7","SOSP",45.43064,-73.93824,"234","New",2022-09-11 08:19:00,2022-09-11 12:19:00,"SOSP7"
"6",2022-09-12,"07:04","7","SOSP",45.43053,-73.9382,"245","New",2022-09-12 07:04:00,2022-09-12 11:04:00,"SOSP7"
"7",2022-09-13,"07:18","7","SOSP",45.43064,-73.9381,"223","New",2022-09-13 07:18:00,2022-09-13 11:18:00,"SOSP7"
"8",2022-09-14,"07:35","7","SOSP",45.43074,-73.93822,"226","New",2022-09-14 07:35:00,2022-09-14 11:35:00,"SOSP7"
"9",2022-09-15,"08:10","7","SOSP",45.43077,-73.93812,"250","New",2022-09-15 08:10:00,2022-09-15 12:10:00,"SOSP7"
"10",2022-09-15,"08:27","8","SOSP",45.43062,-73.93793,"248","New",2022-09-15 08:27:00,2022-09-15 12:27:00,"SOSP8"
"11",2022-09-15,"09:24","6","SOSP",45.43158,-73.93997,"216","New",2022-09-15 09:24:00,2022-09-15 13:24:00,"SOSP6"
"12",2022-09-16,"08:08","8","SOSP",45.43079,-73.93822,"232","New",2022-09-16 08:08:00,2022-09-16 12:08:00,"SOSP8"
"13",2022-09-16,"08:10","7","SOSP",45.43084,-73.93826,"250","New",2022-09-16 08:10:00,2022-09-16 12:10:00,"SOSP7"
"14",2022-09-16,"10:19","6","SOSP",45.43077,-73.94016,"250","New",2022-09-16 10:19:00,2022-09-16 14:19:00,"SOSP6"
"15",2022-09-17,"08:16","7","SOSP",45.43006,-73.9383,"250","New",2022-09-17 08:16:00,2022-09-17 12:16:00,"SOSP7"
"16",2022-09-18,"08:18","8","SOSP",45.43073,-73.93834,"211","New",2022-09-18 08:18:00,2022-09-18 12:18:00,"SOSP8"
"17",2022-09-20,"08:44","7","SOSP",45.43291,-73.93702,"199","Old",2022-09-20 08:44:00,2022-09-20 12:44:00,"SOSP7"
"18",2022-09-20,"09:24","11","SOSP",45.43512,-73.9341,"165","Old",2022-09-20 09:24:00,2022-09-20 13:24:00,"SOSP11"
"19",2022-09-20,"10:00","10","SOSP",45.43504,-73.93822,"203","New",2022-09-20 10:00:00,2022-09-20 14:00:00,"SOSP10"
"20",2022-09-20,"11:06","8","SOSP",45.43183,-73.93887,"230","New",2022-09-20 11:06:00,2022-09-20 15:06:00,"SOSP8"
"21",2022-09-21,"08:33","11","SOSP",45.43496,-73.93817,"225","New",2022-09-21 08:33:00,2022-09-21 12:33:00,"SOSP11"
"22",2022-09-21,"08:38","10","SOSP",45.43512,-73.93836,"246","New",2022-09-21 08:38:00,2022-09-21 12:38:00,"SOSP10"
"23",2022-09-21,"08:43","7","SOSP",45.43531,-73.93842,"205","New",2022-09-21 08:43:00,2022-09-21 12:43:00,"SOSP7"
"24",2022-09-22,"10:15","8","SOSP",45.43057,-73.93808,"250","New",2022-09-22 10:15:00,2022-09-22 14:15:00,"SOSP8"
"25",2022-09-22,"10:27","183","MYWA",45.42901,-73.93878,"223","New",2022-09-22 10:27:00,2022-09-22 14:27:00,"MYWA183"
"26",2022-09-22,"10:51","13","SOSP",45.43081,-73.93911,"250","New",2022-09-22 10:51:00,2022-09-22 14:51:00,"SOSP13"
"27",2022-09-22,"13:24","6","SOSP",45.43106,-73.94032,"215","New",2022-09-22 13:24:00,2022-09-22 17:24:00,"SOSP6"
"28",2022-09-22,"14:10","12","SOSP",45.43106,-73.94027,"225","New",2022-09-22 14:10:00,2022-09-22 18:10:00,"SOSP12"
"29",2022-09-23,"08:22","188","MYWA",45.43164,-73.9388,"206","New",2022-09-23 08:22:00,2022-09-23 12:22:00,"MYWA188"
"30",2022-09-23,"09:15","8","SOSP",45.43081,-73.93809,"235","New",2022-09-23 09:15:00,2022-09-23 13:15:00,"SOSP8"
"31",2022-09-23,"09:58","6","SOSP",45.43061,-73.94013,"235","New",2022-09-23 09:58:00,2022-09-23 13:58:00,"SOSP6"
"32",2022-09-23,"10:48","12","SOSP",45.43194,-73.93892,"250","New",2022-09-23 10:48:00,2022-09-23 14:48:00,"SOSP12"
"33",2022-09-24,"08:17","188","MYWA",45.43058,-73.93837,"250","New",2022-09-24 08:17:00,2022-09-24 12:17:00,"MYWA188"
"34",2022-09-24,"08:29","11","SOSP",45.43065,-73.93839,"225","New",2022-09-24 08:29:00,2022-09-24 12:29:00,"SOSP11"
"35",2022-09-24,"09:08","183","MYWA",45.43179,-73.94004,"208","New",2022-09-24 09:08:00,2022-09-24 13:08:00,"MYWA183"
"36",2022-09-24,"10:24","15","SOSP",45.4348,-73.93816,"245","New",2022-09-24 10:24:00,2022-09-24 14:24:00,"SOSP15"
"37",2022-09-24,"10:27","7","SOSP",45.4349,-73.93814,"250","New",2022-09-24 10:27:00,2022-09-24 14:27:00,"SOSP7"
"38",2022-09-24,"10:31","10","SOSP",45.43489,-73.938,"250","New",2022-09-24 10:31:00,2022-09-24 14:31:00,"SOSP10"
"39",2022-09-25,"08:14","188","MYWA",45.43046,-73.93917,"249","New",2022-09-25 08:14:00,2022-09-25 12:14:00,"MYWA188"
"40",2022-09-25,"09:53","15","SOSP",45.43493,-73.93803,"250","New",2022-09-25 09:53:00,2022-09-25 13:53:00,"SOSP15"
"41",2022-09-25,"11:00","11","SOSP",45.43175,-73.93992,"225","New",2022-09-25 11:00:00,2022-09-25 15:00:00,"SOSP11"
"42",2022-09-26,"07:15","188","MYWA",45.43085,-73.93855,"250","New",2022-09-26 07:15:00,2022-09-26 11:15:00,"MYWA188"
"43",2022-09-26,"07:25","12","SOSP",45.42991,-73.93846,"241","New",2022-09-26 07:25:00,2022-09-26 11:25:00,"SOSP12"
"44",2022-09-28,"07:30","134","HETH",45.43098,-73.93868,"244","New",2022-09-28 07:30:00,2022-09-28 11:30:00,"HETH134"
"45",2022-09-28,"07:31","188","MYWA",45.43097,-73.93868,"242","New",2022-09-28 07:31:00,2022-09-28 11:31:00,"MYWA188"
"46",2022-09-28,"07:55","135","HETH",45.43196,-73.93894,"203","New",2022-09-28 07:55:00,2022-09-28 11:55:00,"HETH135"
"47",2022-09-28,"09:08","6","SOSP",45.43064,-73.93903,"206","New",2022-09-28 09:08:00,2022-09-28 13:08:00,"SOSP6"
"48",2022-09-28,"09:45","7","SOSP",45.43555,-73.93858,"205","New",2022-09-28 09:45:00,2022-09-28 13:45:00,"SOSP7"
"49",2022-09-29,"09:00","133","HETH",45.42991,-73.93858,"240","New",2022-09-29 09:00:00,2022-09-29 13:00:00,"HETH133"
"50",2022-09-29,"09:00","188","MYWA",45.43064,-73.93874,"216","New",2022-09-29 09:00:00,2022-09-29 13:00:00,"MYWA188"
"51",2022-09-29,"11:29","134","HETH",45.43096,-73.93901,"220","New",2022-09-29 11:29:00,2022-09-29 15:29:00,"HETH134"
"52",2022-09-29,"11:49","6","SOSP",45.4309,-73.93988,"202","New",2022-09-29 11:49:00,2022-09-29 15:49:00,"SOSP6"
"53",2022-09-29,"12:20","136","HETH",45.43214,-73.94031,"202","New",2022-09-29 12:20:00,2022-09-29 16:20:00,"HETH136"
"54",2022-09-29,"13:10","18","SOSP",45.42892,-73.93702,"232","New",2022-09-29 13:10:00,2022-09-29 17:10:00,"SOSP18"
"55",2022-09-30,"07:42","188","MYWA",45.43095,-73.93824,"245","New",2022-09-30 07:42:00,2022-09-30 11:42:00,"MYWA188"
"56",2022-09-30,"07:52","139","HETH",45.43104,-73.93853,"219","New",2022-09-30 07:52:00,2022-09-30 11:52:00,"HETH139"
"57",2022-09-30,"07:57","135","HETH",45.43124,-73.93884,"223","New",2022-09-30 07:57:00,2022-09-30 11:57:00,"HETH135"
"58",2022-09-30,"08:39","136","HETH",45.43224,-73.93884,"214","New",2022-09-30 08:39:00,2022-09-30 12:39:00,"HETH136"
"59",2022-09-30,"08:42","137","HETH",45.43224,-73.94025,"212","New",2022-09-30 08:42:00,2022-09-30 12:42:00,"HETH137"
"60",2022-10-01,"07:27","134","HETH",45.43111,-73.93903,"224","New",2022-10-01 07:27:00,2022-10-01 11:27:00,"HETH134"
"61",2022-10-01,"07:41","188","MYWA",45.43095,-73.93855,"249","New",2022-10-01 07:41:00,2022-10-01 11:41:00,"MYWA188"
"62",2022-10-01,"07:49","139","HETH",45.43112,-73.93908,"234","New",2022-10-01 07:49:00,2022-10-01 11:49:00,"HETH139"
"63",2022-10-01,"07:57","137","HETH",45.43169,-73.93945,"224","New",2022-10-01 07:57:00,2022-10-01 11:57:00,"HETH137"
"64",2022-10-01,"08:05","141","HETH",45.43187,-73.94023,"242","New",2022-10-01 08:05:00,2022-10-01 12:05:00,"HETH141"
"65",2022-10-01,"08:13","133","HETH",45.429,-73.93824,"202","NewGPS",2022-10-01 08:13:00,2022-10-01 12:13:00,"HETH133"
"66",2022-10-01,"08:16","136","HETH",45.4323,-73.94041,"236","New",2022-10-01 08:16:00,2022-10-01 12:16:00,"HETH136"
"67",2022-10-01,"08:22","142","HETH",45.43224,-73.94086,"223","New",2022-10-01 08:22:00,2022-10-01 12:22:00,"HETH142"
"68",2022-10-01,"08:27","135","HETH",45.43,-73.93832,"250","NewGPS",2022-10-01 08:27:00,2022-10-01 12:27:00,"HETH135"
"69",2022-10-01,"08:53","138","HETH",45.42955,-73.93858,"250","New",2022-10-01 08:53:00,2022-10-01 12:53:00,"HETH138"
"70",2022-10-01,"09:18","19","SOSP",45.43054,-73.93996,"223","New",2022-10-01 09:18:00,2022-10-01 13:18:00,"SOSP19"
"71",2022-10-01,"09:30","140","HETH",45.42998,-73.94041,"206","New",2022-10-01 09:30:00,2022-10-01 13:30:00,"HETH140"
"72",2022-10-01,"10:24","11","SOSP",45.43559,-73.93867,"224","New",2022-10-01 10:24:00,2022-10-01 14:24:00,"SOSP11"
"73",2022-10-01,"10:32","15","SOSP",45.4357,-73.93861,"203","New",2022-10-01 10:32:00,2022-10-01 14:32:00,"SOSP15"
"74",2022-10-02,"08:12","139","HETH",45.43156,-73.93925,"250","New",2022-10-02 08:12:00,2022-10-02 12:12:00,"HETH139"
"75",2022-10-02,"08:18","188","MYWA",45.43092,-73.93864,"233","New",2022-10-02 08:18:00,2022-10-02 12:18:00,"MYWA188"
"76",2022-10-02,"08:32","142","HETH",45.43176,-73.93993,"224","New",2022-10-02 08:32:00,2022-10-02 12:32:00,"HETH142"
"77",2022-10-02,"08:35","141","HETH",45.43177,-73.94013,"237","New",2022-10-02 08:35:00,2022-10-02 12:35:00,"HETH141"
"78",2022-10-02,"08:44","11","SOSP",45.43176,-73.94001,"222","New",2022-10-02 08:44:00,2022-10-02 12:44:00,"SOSP11"
"79",2022-10-02,"08:53","136","HETH",45.43221,-73.94035,"210","New",2022-10-02 08:53:00,2022-10-02 12:53:00,"HETH136"
"80",2022-10-02,"09:00","137","HETH",45.43174,-73.93988,"250","New",2022-10-02 09:00:00,2022-10-02 13:00:00,"HETH137"
"81",2022-10-02,"09:30","135","HETH",45.4302,-73.93849,"231","New",2022-10-02 09:30:00,2022-10-02 13:30:00,"HETH135"
"82",2022-10-02,"09:34","134","HETH",45.43013,-73.93853,"210","New",2022-10-02 09:34:00,2022-10-02 13:34:00,"HETH134"
"83",2022-10-02,"10:17","133","HETH",45.42917,-73.9382,"225","New",2022-10-02 10:17:00,2022-10-02 14:17:00,"HETH133"
"84",2022-10-02,"10:24","18","SOSP",45.42889,-73.93697,"213","New",2022-10-02 10:24:00,2022-10-02 14:24:00,"SOSP18"
"85",2022-10-02,"10:46","19","SOSP",45.43146,-73.94007,"225","New",2022-10-02 10:46:00,2022-10-02 14:46:00,"SOSP19"
"86",2022-10-02,"11:40","140","HETH",45.43003,-73.93964,"211","New",2022-10-02 11:40:00,2022-10-02 15:40:00,"HETH140"
"87",2022-10-03,"07:40","142","HETH",45.43021,-73.93996,"250","New",2022-10-03 07:40:00,2022-10-03 11:40:00,"HETH142"
"88",2022-10-03,"07:50","134","HETH",45.43122,-73.93882,"205","New",2022-10-03 07:50:00,2022-10-03 11:50:00,"HETH134"
"89",2022-10-03,"07:58","139","HETH",45.43163,-73.93933,"238","New",2022-10-03 07:58:00,2022-10-03 11:58:00,"HETH139"
"90",2022-10-03,"08:07","136","HETH",45.43182,-73.94011,"225","New",2022-10-03 08:07:00,2022-10-03 12:07:00,"HETH136"
"91",2022-10-03,"08:13","137","HETH",45.4321,-73.94047,"218","New",2022-10-03 08:13:00,2022-10-03 12:13:00,"HETH137"
"92",2022-10-03,"08:15","10","SOSP",45.43311,-73.93712,"241","New",2022-10-03 08:15:00,2022-10-03 12:15:00,"SOSP10"
"93",2022-10-03,"08:30","6","SOSP",45.43167,-73.94033,"204","New",2022-10-03 08:30:00,2022-10-03 12:30:00,"SOSP6"
"94",2022-10-03,"08:49","188","MYWA",45.431,-73.93865,"250","New",2022-10-03 08:49:00,2022-10-03 12:49:00,"MYWA188"
"95",2022-10-03,"09:03","7","SOSP",45.43625,-73.93835,"242","New",2022-10-03 09:03:00,2022-10-03 13:03:00,"SOSP7"
"96",2022-10-03,"09:20","11","SOSP",45.43589,-73.93809,"204","New",2022-10-03 09:20:00,2022-10-03 13:20:00,"SOSP11"
"97",2022-10-03,"09:20","133","HETH",45.42926,-73.93825,"222","New",2022-10-03 09:20:00,2022-10-03 13:20:00,"HETH133"
"98",2022-10-03,"09:32","135","HETH",45.42897,-73.93864,"210","New",2022-10-03 09:32:00,2022-10-03 13:32:00,"HETH135"
"99",2022-10-03,"09:50","18","SOSP",45.42866,-73.93652,"226","New",2022-10-03 09:50:00,2022-10-03 13:50:00,"SOSP18"
"100",2022-10-03,"09:57","141","HETH",45.4352,-73.9421,"220","New",2022-10-03 09:57:00,2022-10-03 13:57:00,"HETH141"
"101",2022-10-04,"07:51","137","HETH",45.43182,-73.94019,"244","New",2022-10-04 07:51:00,2022-10-04 11:51:00,"HETH137"
"102",2022-10-04,"07:55","142","HETH",45.43191,-73.94016,"240","New",2022-10-04 07:55:00,2022-10-04 11:55:00,"HETH142"
"103",2022-10-04,"07:57","139","HETH",45.43185,-73.94016,"223","New",2022-10-04 07:57:00,2022-10-04 11:57:00,"HETH139"
"104",2022-10-04,"08:02","136","HETH",45.43221,-73.94037,"239","New",2022-10-04 08:02:00,2022-10-04 12:02:00,"HETH136"
"105",2022-10-04,"08:21","134","HETH",45.43075,-73.93878,"248","New",2022-10-04 08:21:00,2022-10-04 12:21:00,"HETH134"
"106",2022-10-04,"08:28","135","HETH",45.42922,-73.93826,"227","NewGPS",2022-10-04 08:28:00,2022-10-04 12:28:00,"HETH135"
"107",2022-10-04,"08:48","138","HETH",45.42965,-73.93857,"248","NewGPS",2022-10-04 08:48:00,2022-10-04 12:48:00,"HETH138"
"108",2022-10-04,"09:02","133","HETH",45.42909,-73.93829,"227","NewGPS",2022-10-04 09:02:00,2022-10-04 13:02:00,"HETH133"
"109",2022-10-04,"09:55","188","MYWA",45.43061,-73.93819,"250","New",2022-10-04 09:55:00,2022-10-04 13:55:00,"MYWA188"
"110",2022-10-04,"10:10","140","HETH",45.4299,-73.94034,"224","NewGPS",2022-10-04 10:10:00,2022-10-04 14:10:00,"HETH140"
"111",2022-10-04,"10:20","141","HETH",45.43421,-73.94235,"210","New",2022-10-04 10:20:00,2022-10-04 14:20:00,"HETH141"
"112",2022-10-04,"10:30","6","SOSP",45.43175,-73.94044,"214","New",2022-10-04 10:30:00,2022-10-04 14:30:00,"SOSP6"
"113",2022-10-04,"10:56","138","HETH",45.4301,-73.93855,"220","New",2022-10-04 10:56:00,2022-10-04 14:56:00,"HETH138"
"114",2022-10-05,"07:31","139","HETH",45.4316,-73.93936,"223","New",2022-10-05 07:31:00,2022-10-05 11:31:00,"HETH139"
"115",2022-10-05,"07:37","142","HETH",45.43178,-73.93984,"247","New",2022-10-05 07:37:00,2022-10-05 11:37:00,"HETH142"
"116",2022-10-05,"07:38","137","HETH",45.43179,-73.93985,"238","New",2022-10-05 07:38:00,2022-10-05 11:38:00,"HETH137"
"117",2022-10-05,"07:43","6","SOSP",45.43176,-73.9398,"220","New",2022-10-05 07:43:00,2022-10-05 11:43:00,"SOSP6"
"118",2022-10-05,"07:47","136","HETH",45.4318,-73.94026,"242","New",2022-10-05 07:47:00,2022-10-05 11:47:00,"HETH136"
"119",2022-10-05,"08:09","138","HETH",45.43029,-73.93847,"210","New",2022-10-05 08:09:00,2022-10-05 12:09:00,"HETH138"
"120",2022-10-05,"08:14","143","HETH",45.42944,-73.93834,"249","New",2022-10-05 08:14:00,2022-10-05 12:14:00,"HETH143"
"121",2022-10-05,"08:21","133","HETH",45.42878,-73.93802,"217","New",2022-10-05 08:21:00,2022-10-05 12:21:00,"HETH133"
"122",2022-10-05,"08:31","18","SOSP",45.42906,-73.93704,"243","New",2022-10-05 08:31:00,2022-10-05 12:31:00,"SOSP18"
"123",2022-10-05,"08:43","135","HETH",45.42898,-73.93863,"211","New",2022-10-05 08:43:00,2022-10-05 12:43:00,"HETH135"
"124",2022-10-05,"08:52","140","HETH",45.42976,-73.93964,"201","New",2022-10-05 08:52:00,2022-10-05 12:52:00,"HETH140"
"125",2022-10-05,"10:10","134","HETH",45.43218,-73.94043,"240","New",2022-10-05 10:10:00,2022-10-05 14:10:00,"HETH134"
"126",2022-10-05,"10:28","188","MYWA",45.43079,-73.93847,"250","New",2022-10-05 10:28:00,2022-10-05 14:28:00,"MYWA188"
"127",2022-10-06,"08:02","139","HETH",45.43166,-73.93963,"250","New",2022-10-06 08:02:00,2022-10-06 12:02:00,"HETH139"
"128",2022-10-06,"08:15","137","HETH",45.43183,-73.94005,"250","New",2022-10-06 08:15:00,2022-10-06 12:15:00,"HETH137"
"129",2022-10-06,"08:27","136","HETH",45.43214,-73.94026,"241","New",2022-10-06 08:27:00,2022-10-06 12:27:00,"HETH136"
"130",2022-10-06,"08:30","134","HETH",45.43212,-73.9402,"240","New",2022-10-06 08:30:00,2022-10-06 12:30:00,"HETH134"
"131",2022-10-06,"08:40","144","HETH",45.43214,-73.93986,"234","New",2022-10-06 08:40:00,2022-10-06 12:40:00,"HETH144"
"132",2022-10-06,"09:33","188","MYWA",45.43017,-73.93887,"250","New",2022-10-06 09:33:00,2022-10-06 13:33:00,"MYWA188"
"133",2022-10-06,"10:03","133","HETH",45.4289,-73.93839,"237","New",2022-10-06 10:03:00,2022-10-06 14:03:00,"HETH133"
"134",2022-10-06,"10:15","142","HETH",45.42966,-73.93877,"236","New",2022-10-06 10:15:00,2022-10-06 14:15:00,"HETH142"
"135",2022-10-06,"10:40","10","SOSP",45.4357,-73.9386,"207","New",2022-10-06 10:40:00,2022-10-06 14:40:00,"SOSP10"
"136",2022-10-06,"10:45","140","HETH",45.42911,-73.93992,"250","New",2022-10-06 10:45:00,2022-10-06 14:45:00,"HETH140"
"137",2022-10-06,"10:52","135","HETH",45.42916,-73.93998,"241","New",2022-10-06 10:52:00,2022-10-06 14:52:00,"HETH135"
"138",2022-10-06,"11:01","7","SOSP",45.43607,-73.93509,"245","New",2022-10-06 11:01:00,2022-10-06 15:01:00,"SOSP7"
"139",2022-10-06,"11:06","11","SOSP",45.43013,-73.93973,"214","New",2022-10-06 11:06:00,2022-10-06 15:06:00,"SOSP11"
"140",2022-10-06,"11:07","193","MYWA",45.43,-73.94032,"202","New",2022-10-06 11:07:00,2022-10-06 15:07:00,"MYWA193"
"141",2022-10-06,"11:38","18","SOSP",45.42836,-73.93781,"237","New",2022-10-06 11:38:00,2022-10-06 15:38:00,"SOSP18"
"142",2022-10-06,"13:21","6","SOSP",45.43106,-73.94032,"223","New",2022-10-06 13:21:00,2022-10-06 17:21:00,"SOSP6"
"143",2022-10-06,"13:21","19","SOSP",45.43135,-73.94022,"250","New",2022-10-06 13:21:00,2022-10-06 17:21:00,"SOSP19"
"144",2022-10-07,"08:12","134","HETH",45.43296,-73.94009,"222","New",2022-10-07 08:12:00,2022-10-07 12:12:00,"HETH134"
"145",2022-10-07,"09:18","139","HETH",45.43185,-73.93982,"224","New",2022-10-07 09:18:00,2022-10-07 13:18:00,"HETH139"
"146",2022-10-07,"09:25","137","HETH",45.43187,-73.94025,"217","New",2022-10-07 09:25:00,2022-10-07 13:25:00,"HETH137"
"147",2022-10-07,"09:37","144","HETH",45.43197,-73.93957,"227","New",2022-10-07 09:37:00,2022-10-07 13:37:00,"HETH144"
"148",2022-10-07,"10:00","188","MYWA",45.43012,-73.93868,"244","New",2022-10-07 10:00:00,2022-10-07 14:00:00,"MYWA188"
"149",2022-10-07,"10:09","6","SOSP",45.43109,-73.94013,"228","New",2022-10-07 10:09:00,2022-10-07 14:09:00,"SOSP6"
"150",2022-10-07,"10:15","133","HETH",45.42891,-73.93833,"213","New",2022-10-07 10:15:00,2022-10-07 14:15:00,"HETH133"
"151",2022-10-07,"10:19","11","SOSP",45.4358,-73.93867,"223","New",2022-10-07 10:19:00,2022-10-07 14:19:00,"SOSP11"
"152",2022-10-07,"10:32","16","SOSP",45.43682,-73.93859,"244","New",2022-10-07 10:32:00,2022-10-07 14:32:00,"SOSP16"
"153",2022-10-07,"10:49","7","SOSP",45.43601,-73.9351,"225","New",2022-10-07 10:49:00,2022-10-07 14:49:00,"SOSP7"
"154",2022-10-07,"10:51","135","HETH",45.42994,-73.93895,"243","New",2022-10-07 10:51:00,2022-10-07 14:51:00,"HETH135"
"155",2022-10-07,"10:59","142","HETH",45.42277,-73.93882,"241","New",2022-10-07 10:59:00,2022-10-07 14:59:00,"HETH142"
"156",2022-10-07,"11:08","143","HETH",45.42939,-73.939,"222","New",2022-10-07 11:08:00,2022-10-07 15:08:00,"HETH143"
"157",2022-10-07,"14:08","190","MYWA",45.43918,-73.94242,"212","New",2022-10-07 14:08:00,2022-10-07 18:08:00,"MYWA190"
"158",2022-10-08,"08:36","6","SOSP",45.43171,-73.93967,"228","New",2022-10-08 08:36:00,2022-10-08 12:36:00,"SOSP6"
"159",2022-10-08,"08:44","144","HETH",45.43198,-73.94043,"220","New",2022-10-08 08:44:00,2022-10-08 12:44:00,"HETH144"
"160",2022-10-08,"08:47","136","HETH",45.43216,-73.9405,"232","New",2022-10-08 08:47:00,2022-10-08 12:47:00,"HETH136"
"161",2022-10-08,"08:52","134","HETH",45.43234,-73.94033,"215","New",2022-10-08 08:52:00,2022-10-08 12:52:00,"HETH134"
"162",2022-10-08,"08:57","137","HETH",45.43209,-73.94035,"210","New",2022-10-08 08:57:00,2022-10-08 12:57:00,"HETH137"
"163",2022-10-08,"09:00","7","SOSP",45.43685,-73.93854,"237","New",2022-10-08 09:00:00,2022-10-08 13:00:00,"SOSP7"
"164",2022-10-08,"09:00","198","MYWA",45.43736,-73.93941,"202","New",2022-10-08 09:00:00,2022-10-08 13:00:00,"MYWA198"
"165",2022-10-08,"09:07","141","HETH",45.4341,-73.94231,"207","New",2022-10-08 09:07:00,2022-10-08 13:07:00,"HETH141"
"166",2022-10-08,"09:21","19","SOSP",45.43127,-73.93987,"230","New",2022-10-08 09:21:00,2022-10-08 13:21:00,"SOSP19"
"167",2022-10-08,"09:50","138","HETH",45.43014,-73.93815,"250","New",2022-10-08 09:50:00,2022-10-08 13:50:00,"HETH138"
"168",2022-10-08,"09:56","142","HETH",45.4299,-73.93845,"250","New",2022-10-08 09:56:00,2022-10-08 13:56:00,"HETH142"
"169",2022-10-08,"09:59","133","HETH",45.42957,-73.93846,"233","New",2022-10-08 09:59:00,2022-10-08 13:59:00,"HETH133"
"170",2022-10-08,"10:06","135","HETH",45.42897,-73.93866,"214","New",2022-10-08 10:06:00,2022-10-08 14:06:00,"HETH135"
"171",2022-10-08,"10:16","18","SOSP",45.42873,-73.93679,"242","New",2022-10-08 10:16:00,2022-10-08 14:16:00,"SOSP18"
"172",2022-10-08,"10:53","143","HETH",45.42995,-73.93919,"211","New",2022-10-08 10:53:00,2022-10-08 14:53:00,"HETH143"
"173",2022-10-08,"11:26","188","MYWA",45.43083,-73.93847,"250","New",2022-10-08 11:26:00,2022-10-08 15:26:00,"MYWA188"
"174",2022-10-09,"08:23","137","HETH",45.43177,-73.93966,"224","New",2022-10-09 08:23:00,2022-10-09 12:23:00,"HETH137"
"175",2022-10-09,"08:27","144","HETH",45.43177,-73.93987,"204","New",2022-10-09 08:27:00,2022-10-09 12:27:00,"HETH144"
"176",2022-10-09,"08:32","136","HETH",45.43181,-73.94024,"210","New",2022-10-09 08:32:00,2022-10-09 12:32:00,"HETH136"
"177",2022-10-09,"09:21","188","MYWA",45.43044,-73.93912,"220","New",2022-10-09 09:21:00,2022-10-09 13:21:00,"MYWA188"
"178",2022-10-10,"07:13","134","HETH",45.43262,-73.94019,"241","New",2022-10-10 07:13:00,2022-10-10 11:13:00,"HETH134"
"179",2022-10-10,"07:28","6","SOSP",45.43135,-73.93998,"215","New",2022-10-10 07:28:00,2022-10-10 11:28:00,"SOSP6"
"180",2022-10-10,"07:35","143","HETH",45.43127,-73.94005,"204","New",2022-10-10 07:35:00,2022-10-10 11:35:00,"HETH143"
"181",2022-10-10,"07:45","19","SOSP",45.43149,-73.9398,"204","New",2022-10-10 07:45:00,2022-10-10 11:45:00,"SOSP19"
"182",2022-10-10,"07:50","144","HETH",45.43179,-73.93998,"217","New",2022-10-10 07:50:00,2022-10-10 11:50:00,"HETH144"
"183",2022-10-10,"08:03","138","HETH",45.43015,-73.9382,"216","New",2022-10-10 08:03:00,2022-10-10 12:03:00,"HETH138"
"184",2022-10-10,"08:33","188","MYWA",45.42966,-73.93822,"244","New",2022-10-10 08:33:00,2022-10-10 12:33:00,"MYWA188"
"185",2022-10-10,"09:24","18","SOSP",45.42902,-73.93703,"239","New",2022-10-10 09:24:00,2022-10-10 13:24:00,"SOSP18"
"186",2022-10-10,"09:33","135","HETH",45.42895,-73.93865,"211","New",2022-10-10 09:33:00,2022-10-10 13:33:00,"HETH135"
"187",2022-10-10,"09:53","136","HETH",45.43173,-73.93974,"216","New",2022-10-10 09:53:00,2022-10-10 13:53:00,"HETH136"
"188",2022-10-11,"07:36","134","HETH",45.43179,-73.93972,"211","New",2022-10-11 07:36:00,2022-10-11 11:36:00,"HETH134"
"189",2022-10-11,"07:40","144","HETH",45.4318,-73.94008,"242","New",2022-10-11 07:40:00,2022-10-11 11:40:00,"HETH144"
"190",2022-10-11,"07:45","6","SOSP",45.43167,-73.94002,"220","New",2022-10-11 07:45:00,2022-10-11 11:45:00,"SOSP6"
"191",2022-10-11,"07:52","19","SOSP",45.43135,-73.9398,"216","New",2022-10-11 07:52:00,2022-10-11 11:52:00,"SOSP19"
"192",2022-10-11,"08:08","188","MYWA",45.43034,-73.93935,"233","New",2022-10-11 08:08:00,2022-10-11 12:08:00,"MYWA188"
"193",2022-10-11,"08:38","138","HETH",45.43008,-73.93829,"250","New",2022-10-11 08:38:00,2022-10-11 12:38:00,"HETH138"
"194",2022-10-11,"08:58","135","HETH",45.42893,-73.93869,"221","New",2022-10-11 08:58:00,2022-10-11 12:58:00,"HETH135"
"195",2022-10-11,"09:10","143","HETH",45.43007,-73.94019,"201","New",2022-10-11 09:10:00,2022-10-11 13:10:00,"HETH143"
"196",2022-10-11,"09:15","7","SOSP",45.43625,-73.93834,"244","New",2022-10-11 09:15:00,2022-10-11 13:15:00,"SOSP7"
"197",2022-10-11,"09:15","198","MYWA",45.43747,-73.93909,"211","New",2022-10-11 09:15:00,2022-10-11 13:15:00,"MYWA198"
"198",2022-10-11,"09:25","18","SOSP",45.42894,-73.9371,"248","New",2022-10-11 09:25:00,2022-10-11 13:25:00,"SOSP18"
"199",2022-10-11,"09:45","198","MYWA",45.43799,-73.94093,"238","New",2022-10-11 09:45:00,2022-10-11 13:45:00,"MYWA198"
"200",2022-10-11,"10:35","196","MYWA",45.43851,-73.94487,"240","New",2022-10-11 10:35:00,2022-10-11 14:35:00,"MYWA196"
"201",2022-10-12,"07:56","194","MYWA",45.43187,-73.94305,"174","Old",2022-10-12 07:56:00,2022-10-12 11:56:00,"MYWA194"
"202",2022-10-12,"08:30","188","MYWA",45.43081,-73.93843,"250","New",2022-10-12 08:30:00,2022-10-12 12:30:00,"MYWA188"
"203",2022-10-12,"09:08","6","SOSP",45.43085,-73.94022,"250","New",2022-10-12 09:08:00,2022-10-12 13:08:00,"SOSP6"
"204",2022-10-12,"09:27","143","HETH",45.43047,-73.94012,"213","New",2022-10-12 09:27:00,2022-10-12 13:27:00,"HETH143"
"205",2022-10-12,"09:33","7","SOSP",45.43633,-73.9385,"243","New",2022-10-12 09:33:00,2022-10-12 13:33:00,"SOSP7"
"206",2022-10-12,"09:56","196","MYWA",45.43817,-73.94522,"202","New",2022-10-12 09:56:00,2022-10-12 13:56:00,"MYWA196"
"207",2022-10-12,"09:56","198","MYWA",45.43817,-73.94522,"209","New",2022-10-12 09:56:00,2022-10-12 13:56:00,"MYWA198"
"208",2022-10-12,"10:05","134","HETH",45.4327,-73.94043,"245","New",2022-10-12 10:05:00,2022-10-12 14:05:00,"HETH134"
"209",2022-10-12,"10:30","146","HETH",45.43296,-73.94119,"217","New",2022-10-12 10:30:00,2022-10-12 14:30:00,"HETH146"
"210",2022-10-12,"10:48","133","HETH",45.42732,-73.93934,"171","Old",2022-10-12 10:48:00,2022-10-12 14:48:00,"HETH133"
"211",2022-10-12,"11:13","18","SOSP",45.4297,-73.93747,"240","New",2022-10-12 11:13:00,2022-10-12 15:13:00,"SOSP18"
"212",2022-10-12,"11:15","191","MYWA",45.44138,-73.93031,"218","New",2022-10-12 11:15:00,2022-10-12 15:15:00,"MYWA191"
"213",2022-10-12,"11:34","135","HETH",45.4273,-73.93933,"141","Old",2022-10-12 11:34:00,2022-10-12 15:34:00,"HETH135"
"214",2022-10-12,"11:40","19","SOSP",45.43132,-73.93992,"250","New",2022-10-12 11:40:00,2022-10-12 15:40:00,"SOSP19"
"215",2022-10-12,"12:03","193","MYWA",45.43026,-73.9398,"220","New",2022-10-12 12:03:00,2022-10-12 16:03:00,"MYWA193"
"216",2022-10-13,"07:30","146","HETH",45.43169,-73.93934,"250","New",2022-10-13 07:30:00,2022-10-13 11:30:00,"HETH146"
"217",2022-10-13,"07:45","144","HETH",45.43175,-73.94011,"210","New",2022-10-13 07:45:00,2022-10-13 11:45:00,"HETH144"
"218",2022-10-13,"08:07","143","HETH",45.43065,-73.93906,"220","New",2022-10-13 08:07:00,2022-10-13 12:07:00,"HETH143"
"219",2022-10-13,"08:12","194","MYWA",45.43164,-73.94295,"168","Old",2022-10-13 08:12:00,2022-10-13 12:12:00,"MYWA194"
"220",2022-10-13,"08:17","188","MYWA",45.42997,-73.93925,"245","New",2022-10-13 08:17:00,2022-10-13 12:17:00,"MYWA188"
"221",2022-10-13,"08:19","201","MYWA",45.42997,-73.93931,"216","New",2022-10-13 08:19:00,2022-10-13 12:19:00,"MYWA201"
"222",2022-10-13,"08:31","135","HETH",45.42959,-73.93835,"224","New",2022-10-13 08:31:00,2022-10-13 12:31:00,"HETH135"
"223",2022-10-13,"08:44","134","HETH",45.43127,-73.94376,"167","Old",2022-10-13 08:44:00,2022-10-13 12:44:00,"HETH134"
"224",2022-10-13,"08:54","147","HETH",45.43087,-73.93894,"204","New",2022-10-13 08:54:00,2022-10-13 12:54:00,"HETH147"
"225",2022-10-13,"09:07","138","HETH",45.42995,-73.93822,"230","New",2022-10-13 09:07:00,2022-10-13 13:07:00,"HETH138"
"226",2022-10-13,"09:15","133","HETH",45.42914,-73.93817,"223","New",2022-10-13 09:15:00,2022-10-13 13:15:00,"HETH133"
"227",2022-10-13,"09:27","18","SOSP",45.42959,-73.93739,"250","New",2022-10-13 09:27:00,2022-10-13 13:27:00,"SOSP18"
"228",2022-10-13,"10:18","20","SOSP",45.43008,-73.94003,"167","Old",2022-10-13 10:18:00,2022-10-13 14:18:00,"SOSP20"
"229",2022-10-14,"08:20","145","HETH",45.42961,-73.93947,"","Capture",2022-10-14 08:20:00,2022-10-14 12:20:00,"HETH145"
"230",2022-10-14,"08:59","20","SOSP",45.43068,-73.93913,"173","Old",2022-10-14 08:59:00,2022-10-14 12:59:00,"SOSP20"
"231",2022-10-14,"09:00","146","HETH",45.43221,-73.94033,"165","Old",2022-10-14 09:00:00,2022-10-14 13:00:00,"HETH146"
"232",2022-10-14,"09:00","147","HETH",45.43206,-73.94028,"161","Old",2022-10-14 09:00:00,2022-10-14 13:00:00,"HETH147"
"233",2022-10-14,"09:00","148","HETH",45.43206,-73.94028,"178","Old",2022-10-14 09:00:00,2022-10-14 13:00:00,"HETH148"
"234",2022-10-14,"09:25","6","SOSP",45.43061,-73.9392,"192","Old",2022-10-14 09:25:00,2022-10-14 13:25:00,"SOSP6"
"235",2022-10-14,"09:30","135","HETH",45.42941,-73.93858,"","Capture",2022-10-14 09:30:00,2022-10-14 13:30:00,"HETH135"
"236",2022-10-14,"09:30","188","MYWA",45.42956,-73.9386,"","Capture",2022-10-14 09:30:00,2022-10-14 13:30:00,"MYWA188"
"237",2022-10-14,"09:57","144","HETH",45.43075,-73.93955,"171","Old",2022-10-14 09:57:00,2022-10-14 13:57:00,"HETH144"
"238",2022-10-14,"10:05","149","HETH",45.43075,-73.93955,"172","Old",2022-10-14 10:05:00,2022-10-14 14:05:00,"HETH149"
"239",2022-10-14,"10:16","191","MYWA",45.44148,-73.93035,"203","New",2022-10-14 10:16:00,2022-10-14 14:16:00,"MYWA191"
"240",2022-10-14,"10:24","18","SOSP",45.42965,-73.93736,"250","New",2022-10-14 10:24:00,2022-10-14 14:24:00,"SOSP18"
"241",2022-10-14,"10:45","7","SOSP",45.43681,-73.93854,"250","New",2022-10-14 10:45:00,2022-10-14 14:45:00,"SOSP7"
"242",2022-10-14,"11:00","133","HETH",45.42891,-73.93946,"222","New",2022-10-14 11:00:00,2022-10-14 15:00:00,"HETH133"
"243",2022-10-14,"11:13","134","HETH",45.4331,-73.94011,"169","Old",2022-10-14 11:13:00,2022-10-14 15:13:00,"HETH134"
"244",2022-10-14,"11:17","198","MYWA",45.43793,-73.94515,"248","New",2022-10-14 11:17:00,2022-10-14 15:17:00,"MYWA198"
"245",2022-10-14,"11:31","201","MYWA",45.43325,-73.94016,"173","Old",2022-10-14 11:31:00,2022-10-14 15:31:00,"MYWA201"
"246",2022-10-14,"11:34","133","HETH",45.42926,-73.93914,"250","New",2022-10-14 11:34:00,2022-10-14 15:34:00,"HETH133"
"247",2022-10-14,"12:20","138","HETH",45.43006,-73.9385,"250","New",2022-10-14 12:20:00,2022-10-14 16:20:00,"HETH138"
"248",2022-10-15,"08:29","134","HETH",45.43098,-73.93883,"202","New",2022-10-15 08:29:00,2022-10-15 12:29:00,"HETH134"
"249",2022-10-15,"08:35","210","SOSP",45.43118,-73.9388,"220","New",2022-10-15 08:35:00,2022-10-15 12:35:00,"SOSP210"
"250",2022-10-15,"08:42","147","HETH",45.43166,-73.93965,"217","New",2022-10-15 08:42:00,2022-10-15 12:42:00,"HETH147"
"251",2022-10-15,"08:52","150","HETH",45.43098,-73.9388,"220","New",2022-10-15 08:52:00,2022-10-15 12:52:00,"HETH150"
"252",2022-10-15,"09:12","144","HETH",45.4318,-73.94003,"227","New",2022-10-15 09:12:00,2022-10-15 13:12:00,"HETH144"
"253",2022-10-15,"09:18","146","HETH",45.43224,-73.94031,"234","New",2022-10-15 09:18:00,2022-10-15 13:18:00,"HETH146"
"254",2022-10-15,"09:28","201","MYWA",45.43178,-73.94099,"219","New",2022-10-15 09:28:00,2022-10-15 13:28:00,"MYWA201"
"255",2022-10-15,"10:28","198","MYWA",45.43802,-73.94534,"216","New",2022-10-15 10:28:00,2022-10-15 14:28:00,"MYWA198"
"256",2022-10-15,"11:01","7","SOSP",45.43706,-73.93779,"250","New",2022-10-15 11:01:00,2022-10-15 15:01:00,"SOSP7"
"257",2022-10-15,"11:37","138","HETH",45.42992,-73.93822,"250","New",2022-10-15 11:37:00,2022-10-15 15:37:00,"HETH138"
"258",2022-10-15,"11:42","135","HETH",45.4299,-73.93824,"242","New",2022-10-15 11:42:00,2022-10-15 15:42:00,"HETH135"
"259",2022-10-15,"11:47","18","SOSP",45.42968,-73.93742,"238","New",2022-10-15 11:47:00,2022-10-15 15:47:00,"SOSP18"
"260",2022-10-15,"11:53","148","HETH",45.43038,-73.93938,"206","New",2022-10-15 11:53:00,2022-10-15 15:53:00,"HETH148"
"261",2022-10-15,"11:57","149","HETH",45.43002,-73.93927,"227","New",2022-10-15 11:57:00,2022-10-15 15:57:00,"HETH149"
"262",2022-10-15,"12:03","143","HETH",45.42979,-73.93902,"247","New",2022-10-15 12:03:00,2022-10-15 16:03:00,"HETH143"
"263",2022-10-15,"12:15","133","HETH",45.42905,-73.93815,"216","New",2022-10-15 12:15:00,2022-10-15 16:15:00,"HETH133"
"264",2022-10-16,"08:00","149","HETH",45.42985,-73.93913,"250","New",2022-10-16 08:00:00,2022-10-16 12:00:00,"HETH149"
"265",2022-10-16,"08:35","134","HETH",45.43137,-73.93893,"212","New",2022-10-16 08:35:00,2022-10-16 12:35:00,"HETH134"
"266",2022-10-16,"08:39","148","HETH",45.43134,-73.93894,"203","New",2022-10-16 08:39:00,2022-10-16 12:39:00,"HETH148"
"267",2022-10-16,"08:45","20","SOSP",45.43353,-73.94221,"88","New",2022-10-16 08:45:00,2022-10-16 12:45:00,"SOSP20"
"268",2022-10-16,"08:47","144","HETH",45.4317,-73.93982,"247","New",2022-10-16 08:47:00,2022-10-16 12:47:00,"HETH144"
"269",2022-10-16,"09:06","6","SOSP",45.43061,-73.94225,"213","New",2022-10-16 09:06:00,2022-10-16 13:06:00,"SOSP6"
"270",2022-10-16,"09:58","7","SOSP",45.43669,-73.93718,"250","New",2022-10-16 09:58:00,2022-10-16 13:58:00,"SOSP7"
"271",2022-10-16,"10:40","196","MYWA",45.43839,-73.94515,"220","New",2022-10-16 10:40:00,2022-10-16 14:40:00,"MYWA196"
"272",2022-10-16,"10:42","18","SOSP",45.42971,-73.93749,"250","New",2022-10-16 10:42:00,2022-10-16 14:42:00,"SOSP18"
"273",2022-10-16,"10:52","188","MYWA",45.43003,-73.93855,"234","New",2022-10-16 10:52:00,2022-10-16 14:52:00,"MYWA188"
"274",2022-10-16,"11:02","143","HETH",45.43027,-73.93947,"250","New",2022-10-16 11:02:00,2022-10-16 15:02:00,"HETH143"
"275",2022-10-16,"11:06","135","HETH",45.43009,-73.94009,"209","New",2022-10-16 11:06:00,2022-10-16 15:06:00,"HETH135"
"276",2022-10-17,"07:35","148","HETH",45.43082,-73.93884,"213","New",2022-10-17 07:35:00,2022-10-17 11:35:00,"HETH148"
"277",2022-10-17,"07:45","188","MYWA",45.43092,-73.93829,"250","New",2022-10-17 07:45:00,2022-10-17 11:45:00,"MYWA188"
"278",2022-10-17,"07:58","150","HETH",45.43098,-73.93878,"240","New",2022-10-17 07:58:00,2022-10-17 11:58:00,"HETH150"
"279",2022-10-17,"08:06","144","HETH",45.43179,-73.93987,"210","New",2022-10-17 08:06:00,2022-10-17 12:06:00,"HETH144"
"280",2022-10-17,"08:11","146","HETH",45.43174,-73.94028,"211","New",2022-10-17 08:11:00,2022-10-17 12:11:00,"HETH146"
"281",2022-10-17,"09:00","149","HETH",45.42976,-73.93893,"235","New",2022-10-17 09:00:00,2022-10-17 13:00:00,"HETH149"
"282",2022-10-17,"09:03","143","HETH",45.42996,-73.93897,"243","New",2022-10-17 09:03:00,2022-10-17 13:03:00,"HETH143"
"283",2022-10-17,"09:25","18","SOSP",45.42967,-73.93749,"250","New",2022-10-17 09:25:00,2022-10-17 13:25:00,"SOSP18"
"284",2022-10-17,"10:01","134","HETH",45.43042,-73.93936,"215","New",2022-10-17 10:01:00,2022-10-17 14:01:00,"HETH134"
"285",2022-10-17,"10:56","198","MYWA",45.43798,-73.94547,"223","New",2022-10-17 10:56:00,2022-10-17 14:56:00,"MYWA198"
"286",2022-10-18,"07:25","18","SOSP",45.42967,-73.93745,"247","New",2022-10-18 07:25:00,2022-10-18 11:25:00,"SOSP18"
"287",2022-10-18,"07:54","144","HETH",45.4319,-73.93992,"250","New",2022-10-18 07:54:00,2022-10-18 11:54:00,"HETH144"
"288",2022-10-18,"08:11","146","HETH",45.43218,-73.93999,"219","New",2022-10-18 08:11:00,2022-10-18 12:11:00,"HETH146"
"289",2022-10-18,"08:20","148","HETH",45.4319,-73.93989,"242","New",2022-10-18 08:20:00,2022-10-18 12:20:00,"HETH148"
"290",2022-10-18,"09:00","20","SOSP",45.43011,-73.93965,"220","New",2022-10-18 09:00:00,2022-10-18 13:00:00,"SOSP20"
"291",2022-10-18,"09:54","134","HETH",45.43066,-73.94034,"169","Old",2022-10-18 09:54:00,2022-10-18 13:54:00,"HETH134"
"292",2022-10-18,"10:05","150","HETH",45.43055,-73.94005,"160","Old",2022-10-18 10:05:00,2022-10-18 14:05:00,"HETH150"
"293",2022-10-18,"10:20","7","SOSP",45.43617,-73.93901,"227","New",2022-10-18 10:20:00,2022-10-18 14:20:00,"SOSP7"
"294",2022-10-18,"10:25","19","SOSP",45.43091,-73.94006,"250","New",2022-10-18 10:25:00,2022-10-18 14:25:00,"SOSP19"
"295",2022-10-18,"10:32","151","HETH",45.43062,-73.9404,"242","New",2022-10-18 10:32:00,2022-10-18 14:32:00,"HETH151"
"296",2022-10-18,"10:40","198","MYWA",45.43826,-73.9445,"210","New",2022-10-18 10:40:00,2022-10-18 14:40:00,"MYWA198"
"297",2022-10-18,"10:43","149","HETH",45.42974,-73.93906,"240","New",2022-10-18 10:43:00,2022-10-18 14:43:00,"HETH149"
"298",2022-10-18,"10:55","143","HETH",45.42998,-73.93877,"250","New",2022-10-18 10:55:00,2022-10-18 14:55:00,"HETH143"
"299",2022-10-18,"11:03","145","HETH",45.42918,-73.93906,"250","New",2022-10-18 11:03:00,2022-10-18 15:03:00,"HETH145"
"300",2022-10-18,"11:07","133","HETH",45.42928,-73.93886,"249","New",2022-10-18 11:07:00,2022-10-18 15:07:00,"HETH133"
"301",2022-10-18,"11:21","196","MYWA",45.43829,-73.94499,"211","New",2022-10-18 11:21:00,2022-10-18 15:21:00,"MYWA196"
"302",2022-10-19,"07:30","20","SOSP",45.4314,-73.93897,"250","New",2022-10-19 07:30:00,2022-10-19 11:30:00,"SOSP20"
"303",2022-10-19,"07:35","134","HETH",45.43088,-73.93895,"216","New",2022-10-19 07:35:00,2022-10-19 11:35:00,"HETH134"
"304",2022-10-19,"07:52","152","HETH",45.43114,-73.93903,"254","New",2022-10-19 07:52:00,2022-10-19 11:52:00,"HETH152"
"305",2022-10-19,"08:00","144","HETH",45.43162,-73.93935,"243","New",2022-10-19 08:00:00,2022-10-19 12:00:00,"HETH144"
"306",2022-10-19,"08:05","148","HETH",45.43167,-73.93948,"250","New",2022-10-19 08:05:00,2022-10-19 12:05:00,"HETH148"
"307",2022-10-19,"08:15","151","HETH",45.43171,-73.9399,"209","New",2022-10-19 08:15:00,2022-10-19 12:15:00,"HETH151"
"308",2022-10-19,"08:55","150","HETH",45.43037,-73.93935,"242","New",2022-10-19 08:55:00,2022-10-19 12:55:00,"HETH150"
"309",2022-10-19,"09:12","149","HETH",45.42997,-73.93896,"226","New",2022-10-19 09:12:00,2022-10-19 13:12:00,"HETH149"
"310",2022-10-19,"09:16","145","HETH",45.42934,-73.93906,"225","New",2022-10-19 09:16:00,2022-10-19 13:16:00,"HETH145"
"311",2022-10-19,"09:28","18","SOSP",45.42972,-73.93754,"220","New",2022-10-19 09:28:00,2022-10-19 13:28:00,"SOSP18"
"312",2022-10-20,"08:43","146","HETH",45.43227,-73.93999,"222","New",2022-10-20 08:43:00,2022-10-20 12:43:00,"HETH146"
"313",2022-10-20,"09:02","144","HETH",45.43172,-73.93978,"240","New",2022-10-20 09:02:00,2022-10-20 13:02:00,"HETH144"
"314",2022-10-20,"09:09","152","HETH",45.43157,-73.93987,"241","New",2022-10-20 09:09:00,2022-10-20 13:09:00,"HETH152"
"315",2022-10-20,"10:09","134","HETH",45.43103,-73.93894,"240","New",2022-10-20 10:09:00,2022-10-20 14:09:00,"HETH134"
"316",2022-10-20,"10:28","151","HETH",45.43066,-73.94065,"204","New",2022-10-20 10:28:00,2022-10-20 14:28:00,"HETH151"
"317",2022-10-20,"10:34","150","HETH",45.43061,-73.94051,"250","New",2022-10-20 10:34:00,2022-10-20 14:34:00,"HETH150"
"318",2022-10-20,"10:40","21","SOSP",45.43107,-73.93996,"250","New",2022-10-20 10:40:00,2022-10-20 14:40:00,"SOSP21"
"319",2022-10-20,"10:59","148","HETH",45.43041,-73.9397,"250","New",2022-10-20 10:59:00,2022-10-20 14:59:00,"HETH148"
"320",2022-10-20,"11:13","145","HETH",45.42946,-73.93895,"244","New",2022-10-20 11:13:00,2022-10-20 15:13:00,"HETH145"
"321",2022-10-20,"11:21","149","HETH",45.42976,-73.93896,"212","New",2022-10-20 11:21:00,2022-10-20 15:21:00,"HETH149"
"322",2022-10-21,"09:21","134","HETH",45.43064,-73.94027,"249","New",2022-10-21 09:21:00,2022-10-21 13:21:00,"HETH134"
"323",2022-10-21,"09:29","150","HETH",45.43047,-73.94027,"250","New",2022-10-21 09:29:00,2022-10-21 13:29:00,"HETH150"
"324",2022-10-21,"09:30","198","MYWA",45.43908,-73.94533,"205","New",2022-10-21 09:30:00,2022-10-21 13:30:00,"MYWA198"
"325",2022-10-21,"09:37","148","HETH",45.43034,-73.93971,"250","New",2022-10-21 09:37:00,2022-10-21 13:37:00,"HETH148"
"326",2022-10-21,"09:43","20","SOSP",45.43014,-73.94018,"232","New",2022-10-21 09:43:00,2022-10-21 13:43:00,"SOSP20"
"327",2022-10-21,"11:07","145","HETH",45.42916,-73.93906,"250","New",2022-10-21 11:07:00,2022-10-21 15:07:00,"HETH145"
"328",2022-10-21,"11:45","151","HETH",45.43037,-73.93938,"245","New",2022-10-21 11:45:00,2022-10-21 15:45:00,"HETH151"
"329",2022-10-21,"12:10","152","HETH",45.43163,-73.93932,"233","New",2022-10-21 12:10:00,2022-10-21 16:10:00,"HETH152"
"330",2022-10-21,"12:16","144","HETH",45.43175,-73.93987,"230","New",2022-10-21 12:16:00,2022-10-21 16:16:00,"HETH144"
"331",2022-10-21,"12:33","146","HETH",45.43319,-73.9399,"222","New",2022-10-21 12:33:00,2022-10-21 16:33:00,"HETH146"
"332",2022-10-22,"09:00","151","HETH",45.43019,-73.93995,"250","New",2022-10-22 09:00:00,2022-10-22 13:00:00,"HETH151"
"333",2022-10-22,"09:50","144","HETH",45.43154,-73.93932,"225","New",2022-10-22 09:50:00,2022-10-22 13:50:00,"HETH144"
"334",2022-10-22,"09:55","152","HETH",45.43157,-73.93927,"220","New",2022-10-22 09:55:00,2022-10-22 13:55:00,"HETH152"
"335",2022-10-22,"10:35","148","HETH",45.43029,-73.93974,"235","New",2022-10-22 10:35:00,2022-10-22 14:35:00,"HETH148"
"336",2022-10-22,"10:45","134","HETH",45.43022,-73.93999,"216","New",2022-10-22 10:45:00,2022-10-22 14:45:00,"HETH134"
"337",2022-10-22,"10:52","7","SOSP",45.43636,-73.93855,"243","New",2022-10-22 10:52:00,2022-10-22 14:52:00,"SOSP7"
"338",2022-10-22,"11:00","149","HETH",45.42982,-73.93916,"210","New",2022-10-22 11:00:00,2022-10-22 15:00:00,"HETH149"
"339",2022-10-22,"11:43","198","MYWA",45.43839,-73.94457,"207","New",2022-10-22 11:43:00,2022-10-22 15:43:00,"MYWA198"
"340",2022-10-22,"11:49","20","SOSP",45.43018,-73.94003,"205","New",2022-10-22 11:49:00,2022-10-22 15:49:00,"SOSP20"
"341",2022-10-22,"12:07","147","HETH",45.43945,-73.94261,"203","New",2022-10-22 12:07:00,2022-10-22 16:07:00,"HETH147"
"342",2022-10-23,"08:40","152","HETH",45.4317,-73.93967,"225","New",2022-10-23 08:40:00,2022-10-23 12:40:00,"HETH152"
"343",2022-10-23,"09:44","150","HETH",45.43081,-73.93896,"210","New",2022-10-23 09:44:00,2022-10-23 13:44:00,"HETH150"
"344",2022-10-23,"09:54","148","HETH",45.43029,-73.93964,"250","New",2022-10-23 09:54:00,2022-10-23 13:54:00,"HETH148"
"345",2022-10-23,"09:57","151","HETH",45.43033,-73.93965,"250","New",2022-10-23 09:57:00,2022-10-23 13:57:00,"HETH151"
"346",2022-10-23,"10:14","149","HETH",45.42959,-73.93887,"218","New",2022-10-23 10:14:00,2022-10-23 14:14:00,"HETH149"
"347",2022-10-23,"11:25","198","MYWA",45.43793,-73.94524,"209","New",2022-10-23 11:25:00,2022-10-23 15:25:00,"MYWA198"
"348",2022-10-24,"07:43","152","HETH",45.4316,-73.93967,"220","New",2022-10-24 07:43:00,2022-10-24 11:43:00,"HETH152"
"349",2022-10-24,"08:20","20","SOSP",45.43014,-73.94019,"249","New",2022-10-24 08:20:00,2022-10-24 12:20:00,"SOSP20"
"350",2022-10-25,"08:17","152","HETH",45.43168,-73.93983,"236","New",2022-10-25 08:17:00,2022-10-25 12:17:00,"HETH152"
"351",2022-10-25,"09:10","18","SOSP",45.4305,-73.93999,"230","New",2022-10-25 09:10:00,2022-10-25 13:10:00,"SOSP18"
"352",2022-10-26,"07:57","152","HETH",45.43178,-73.9399,"242","New",2022-10-26 07:57:00,2022-10-26 11:57:00,"HETH152"
"353",2022-10-27,"09:19","152","HETH",45.43187,-73.93978,"222","New",2022-10-27 09:19:00,2022-10-27 13:19:00,"HETH152"
"354",2022-10-27,"10:00","20","SOSP",45.42974,-73.94061,"236","New",2022-10-27 10:00:00,2022-10-27 14:00:00,"SOSP20"
"355",2022-10-28,"10:10","18","SOSP",45.43092,-73.94026,"250","New",2022-10-28 10:10:00,2022-10-28 14:10:00,"SOSP18"
"356",2022-11-01,"08:02","18","SOSP",45.43071,-73.93816,"245","New",2022-11-01 08:02:00,2022-11-01 12:02:00,"SOSP18"
"357",2022-11-02,"10:51","18","SOSP",45.43679,-73.9385,"202","New",2022-11-02 10:51:00,2022-11-02 14:51:00,"SOSP18"
"358",2023-09-12,"10:06","328","MAWA",45.43183,-73.9401,"221","New",2023-09-12 10:06:00,2023-09-12 14:06:00,"MAWA328"
"359",2023-09-12,"11:38","329","MAWA",45.43173,-73.94004,"212","New",2023-09-12 11:38:00,2023-09-12 15:38:00,"MAWA329"
"360",2023-09-14,"07:45","334","MAWA",45.43546,-73.9443,"209","New",2023-09-14 07:45:00,2023-09-14 11:45:00,"MAWA334"
"361",2023-09-14,"08:23","328","MAWA",45.43079,-73.939,"206","New",2023-09-14 08:23:00,2023-09-14 12:23:00,"MAWA328"
"362",2023-09-14,"08:28","332","MAWA",45.42992,-73.94045,"209","New",2023-09-14 08:28:00,2023-09-14 12:28:00,"MAWA332"
"363",2023-09-14,"09:18","331","MAWA",45.42676,-73.94005,"225","New",2023-09-14 09:18:00,2023-09-14 13:18:00,"MAWA331"
"364",2023-09-15,"07:26","328","MAWA",45.43177,-73.9398,"228","New",2023-09-15 07:26:00,2023-09-15 11:26:00,"MAWA328"
"365",2023-09-15,"07:48","340","MAWA",45.43061,-73.93919,"220","New",2023-09-15 07:48:00,2023-09-15 11:48:00,"MAWA340"
"366",2023-09-15,"08:01","332","MAWA",45.42997,-73.94045,"202","New",2023-09-15 08:01:00,2023-09-15 12:01:00,"MAWA332"
"367",2023-09-15,"08:17","335","MAWA",45.42896,-73.93866,"207","New",2023-09-15 08:17:00,2023-09-15 12:17:00,"MAWA335"
"368",2023-09-15,"09:04","334","MAWA",45.4321,-73.94041,"222","New",2023-09-15 09:04:00,2023-09-15 13:04:00,"MAWA334"
"369",2023-09-16,"08:58","334","MAWA",45.43209,-73.94033,"202","New",2023-09-16 08:58:00,2023-09-16 12:58:00,"MAWA334"
"370",2023-09-16,"09:04","328","MAWA",45.43105,-73.93984,"215","New",2023-09-16 09:04:00,2023-09-16 13:04:00,"MAWA328"
"371",2023-09-16,"09:14","339","MAWA",45.43246,-73.94153,"219","New",2023-09-16 09:14:00,2023-09-16 13:14:00,"MAWA339"
"372",2023-09-16,"09:56","340","MAWA",45.43021,-73.93782,"232","New",2023-09-16 09:56:00,2023-09-16 13:56:00,"MAWA340"
"373",2023-09-16,"10:32","338","MAWA",45.42973,-73.94077,"222","New",2023-09-16 10:32:00,2023-09-16 14:32:00,"MAWA338"
"374",2023-09-16,"10:52","342","MAWA",45.43195,-73.93961,"202","New",2023-09-16 10:52:00,2023-09-16 14:52:00,"MAWA342"
"375",2023-09-16,"10:56","335","MAWA",45.42873,-73.937,"221","New",2023-09-16 10:56:00,2023-09-16 14:56:00,"MAWA335"
"376",2023-09-17,"07:29","334","MAWA",45.43211,-73.94031,"210","New",2023-09-17 07:29:00,2023-09-17 11:29:00,"MAWA334"
"377",2023-09-17,"07:59","342","MAWA",45.43177,-73.93985,"202","New",2023-09-17 07:59:00,2023-09-17 11:59:00,"MAWA342"
"378",2023-09-17,"08:22","338","MAWA",45.42982,-73.94062,"210","New",2023-09-17 08:22:00,2023-09-17 12:22:00,"MAWA338"
"379",2023-09-17,"08:29","328","MAWA",45.43077,-73.9395,"219","New",2023-09-17 08:29:00,2023-09-17 12:29:00,"MAWA328"
"380",2023-09-17,"08:41","340","MAWA",45.43014,-73.93857,"208","New",2023-09-17 08:41:00,2023-09-17 12:41:00,"MAWA340"
"381",2023-09-17,"09:36","335","MAWA",45.42738,-73.93801,"220","New",2023-09-17 09:36:00,2023-09-17 13:36:00,"MAWA335"
"382",2023-09-17,"09:50","331","MAWA",45.42672,-73.94019,"221","New",2023-09-17 09:50:00,2023-09-17 13:50:00,"MAWA331"
"383",2023-09-17,"10:47","332","MAWA",45.42995,-73.94058,"201","New",2023-09-17 10:47:00,2023-09-17 14:47:00,"MAWA332"
"384",2023-09-18,"08:29","339","MAWA",45.43267,-73.94108,"205","New",2023-09-18 08:29:00,2023-09-18 12:29:00,"MAWA339"
"385",2023-09-18,"08:47","342","MAWA",45.43098,-73.93847,"250","New",2023-09-18 08:47:00,2023-09-18 12:47:00,"MAWA342"
"386",2023-09-18,"08:56","328","MAWA",45.43077,-73.9395,"245","New",2023-09-18 08:56:00,2023-09-18 12:56:00,"MAWA328"
"387",2023-09-18,"09:57","334","MAWA",45.4321,-73.94038,"145","Old",2023-09-18 09:57:00,2023-09-18 13:57:00,"MAWA334"
"388",2023-09-18,"10:04","331","MAWA",45.43266,-73.94112,"222","New",2023-09-18 10:04:00,2023-09-18 14:04:00,"MAWA331"
"389",2023-09-18,"10:30","335","MAWA",45.42707,-73.9382,"202","New",2023-09-18 10:30:00,2023-09-18 14:30:00,"MAWA335"
"390",2023-09-20,"07:48","342","MAWA",45.43083,-73.93867,"208","New",2023-09-20 07:48:00,2023-09-20 11:48:00,"MAWA342"
"391",2023-09-20,"08:22","344","MAWA",45.43176,-73.93995,"202","New",2023-09-20 08:22:00,2023-09-20 12:22:00,"MAWA344"
"392",2023-09-20,"08:27","334","MAWA",45.4321,-73.9404,"209","New",2023-09-20 08:27:00,2023-09-20 12:27:00,"MAWA334"
"393",2023-09-20,"08:39","345","MAWA",45.43256,-73.93935,"205","New",2023-09-20 08:39:00,2023-09-20 12:39:00,"MAWA345"
"394",2023-09-20,"08:43","346","MAWA",45.43178,-73.94012,"209","New",2023-09-20 08:43:00,2023-09-20 12:43:00,"MAWA346"
"395",2023-09-20,"09:46","338","MAWA",45.43,-73.94044,"215","New",2023-09-20 09:46:00,2023-09-20 13:46:00,"MAWA338"
"396",2023-09-20,"10:03","340","MAWA",45.43062,-73.93919,"205","New",2023-09-20 10:03:00,2023-09-20 14:03:00,"MAWA340"
"397",2023-09-21,"06:56","340","MAWA",45.43018,-73.93835,"225","New",2023-09-21 06:56:00,2023-09-21 10:56:00,"MAWA340"
"398",2023-09-21,"07:03","346","MAWA",45.43167,-73.93977,"206","New",2023-09-21 07:03:00,2023-09-21 11:03:00,"MAWA346"
"399",2023-09-21,"07:31","342","MAWA",45.43172,-73.93969,"243","New",2023-09-21 07:31:00,2023-09-21 11:31:00,"MAWA342"
"400",2023-09-21,"07:39","336","MAWA",45.42857,-73.93533,"149","Old",2023-09-21 07:39:00,2023-09-21 11:39:00,"MAWA336"
"401",2023-09-21,"07:45","348","MAWA",45.42956,-73.93737,"150","Old",2023-09-21 07:45:00,2023-09-21 11:45:00,"MAWA348"
"402",2023-09-21,"08:32","331","MAWA",45.42632,-73.93991,"215","New",2023-09-21 08:32:00,2023-09-21 12:32:00,"MAWA331"
"403",2023-09-21,"08:44","349","MAWA",45.43441,-73.93789,"194","Old",2023-09-21 08:44:00,2023-09-21 12:44:00,"MAWA349"
"404",2023-09-21,"08:47","339","MAWA",45.43098,-73.93906,"206","New",2023-09-21 08:47:00,2023-09-21 12:47:00,"MAWA339"
"405",2023-09-21,"08:47","344","MAWA",45.43221,-73.94025,"203","New",2023-09-21 08:47:00,2023-09-21 12:47:00,"MAWA344"
"406",2023-09-21,"09:02","334","MAWA",45.43218,-73.94024,"207","New",2023-09-21 09:02:00,2023-09-21 13:02:00,"MAWA334"
"407",2023-09-21,"09:25","338","MAWA",45.43006,-73.94122,"215","New",2023-09-21 09:25:00,2023-09-21 13:25:00,"MAWA338"
"408",2023-09-21,"10:14","345","MAWA",45.43176,-73.94005,"152","Old",2023-09-21 10:14:00,2023-09-21 14:14:00,"MAWA345"
"409",2023-09-22,"07:53","342","MAWA",45.43056,-73.93853,"212","New",2023-09-22 07:53:00,2023-09-22 11:53:00,"MAWA342"
"410",2023-09-22,"08:13","345","MAWA",45.43173,-73.93977,"202","New",2023-09-22 08:13:00,2023-09-22 12:13:00,"MAWA345"
"411",2023-09-22,"08:26","334","MAWA",45.43208,-73.94036,"216","New",2023-09-22 08:26:00,2023-09-22 12:26:00,"MAWA334"
"412",2023-09-22,"08:50","346","MAWA",45.43169,-73.94054,"206","New",2023-09-22 08:50:00,2023-09-22 12:50:00,"MAWA346"
"413",2023-09-22,"08:58","344","MAWA",45.43171,-73.94033,"215","New",2023-09-22 08:58:00,2023-09-22 12:58:00,"MAWA344"
"414",2023-09-22,"12:40","331","MAWA",45.42662,-73.94038,"208","New",2023-09-22 12:40:00,2023-09-22 16:40:00,"MAWA331"
"415",2023-09-22,"13:08","348","MAWA",45.42967,-73.93964,"211","New",2023-09-22 13:08:00,2023-09-22 17:08:00,"MAWA348"
"416",2023-09-23,"08:43","334","MAWA",45.43212,-73.94019,"217","New",2023-09-23 08:43:00,2023-09-23 12:43:00,"MAWA334"
"417",2023-09-23,"08:47","342","MAWA",45.4308,-73.93868,"218","New",2023-09-23 08:47:00,2023-09-23 12:47:00,"MAWA342"
"418",2023-09-23,"09:22","345","MAWA",45.43211,-73.94032,"225","New",2023-09-23 09:22:00,2023-09-23 13:22:00,"MAWA345"
"419",2023-09-23,"09:35","348","MAWA",45.42968,-73.93887,"209","New",2023-09-23 09:35:00,2023-09-23 13:35:00,"MAWA348"
"420",2023-09-23,"10:08","344","MAWA",45.43202,-73.93903,"241","New",2023-09-23 10:08:00,2023-09-23 14:08:00,"MAWA344"
"421",2023-09-23,"10:41","346","MAWA",45.43144,-73.94024,"204","New",2023-09-23 10:41:00,2023-09-23 14:41:00,"MAWA346"
"422",2023-09-24,"08:12","342","MAWA",45.43084,-73.93861,"223","New",2023-09-24 08:12:00,2023-09-24 12:12:00,"MAWA342"
"423",2023-09-24,"08:35","340","MAWA",45.43027,-73.93945,"209","New",2023-09-24 08:35:00,2023-09-24 12:35:00,"MAWA340"
"424",2023-09-24,"09:01","346","MAWA",45.43176,-73.94064,"216","New",2023-09-24 09:01:00,2023-09-24 13:01:00,"MAWA346"
"425",2023-09-24,"09:11","334","MAWA",45.43208,-73.94024,"214","New",2023-09-24 09:11:00,2023-09-24 13:11:00,"MAWA334"
"426",2023-09-24,"09:12","345","MAWA",45.43207,-73.94028,"221","New",2023-09-24 09:12:00,2023-09-24 13:12:00,"MAWA345"
"427",2023-09-25,"07:36","342","MAWA",45.43132,-73.93896,"237","New",2023-09-25 07:36:00,2023-09-25 11:36:00,"MAWA342"
"428",2023-09-25,"08:12","334","MAWA",45.43217,-73.94019,"209","New",2023-09-25 08:12:00,2023-09-25 12:12:00,"MAWA334"
"429",2023-09-25,"08:26","346","MAWA",45.43174,-73.94054,"235","New",2023-09-25 08:26:00,2023-09-25 12:26:00,"MAWA346"
"430",2023-09-25,"12:32","349","MAWA",45.438463,-73.934579,"206","New",2023-09-25 12:32:00,2023-09-25 16:32:00,"MAWA349"
"431",2023-09-26,"09:21","334","MAWA",45.4320709,-73.940522,"222","New",2023-09-26 09:21:00,2023-09-26 13:21:00,"MAWA334"
"432",2023-09-26,"10:13","342","MAWA",45.43038,-73.93942,"222","New",2023-09-26 10:13:00,2023-09-26 14:13:00,"MAWA342"
"433",2023-09-26,"11:07","329","MAWA",45.43554,-73.94426,"218","New",2023-09-26 11:07:00,2023-09-26 15:07:00,"MAWA329"
"434",2023-09-27,"07:38","342","MAWA",45.43097,-73.93862,"211","New",2023-09-27 07:38:00,2023-09-27 11:38:00,"MAWA342"
"435",2023-09-27,"08:33","329","MAWA",45.4356,-73.94416,"232","New",2023-09-27 08:33:00,2023-09-27 12:33:00,"MAWA329"
"436",2023-09-27,"09:05","334","MAWA",45.43208,-73.94028,"158","Old",2023-09-27 09:05:00,2023-09-27 13:05:00,"MAWA334"
"437",2023-09-28,"08:02","334","MAWA",45.43214,-73.94022,"212","New",2023-09-28 08:02:00,2023-09-28 12:02:00,"MAWA334"
"438",2023-09-28,"08:14","342","MAWA",45.4309,-73.93894,"215","New",2023-09-28 08:14:00,2023-09-28 12:14:00,"MAWA342"
"439",2023-09-28,"09:01","430","MYWA",45.42992,-73.93768,"216","New",2023-09-28 09:01:00,2023-09-28 13:01:00,"MYWA430"
"440",2023-09-29,"08:13","93","HETH",45.43155,-73.94056,"235","New",2023-09-29 08:13:00,2023-09-29 12:13:00,"HETH93"
"441",2023-09-29,"08:30","334","MAWA",45.43203,-73.94027,"214","New",2023-09-29 08:30:00,2023-09-29 12:30:00,"MAWA334"
"442",2023-09-29,"09:02","430","MYWA",45.43078,-73.9381,"202","New",2023-09-29 09:02:00,2023-09-29 13:02:00,"MYWA430"
"443",2023-09-29,"09:15","342","MAWA",45.43088,-73.93896,"209","New",2023-09-29 09:15:00,2023-09-29 13:15:00,"MAWA342"
"444",2023-09-29,"09:41","429","MYWA",45.43054,-73.93785,"215","New",2023-09-29 09:41:00,2023-09-29 13:41:00,"MYWA429"
"445",2023-09-30,"08:27","334","MAWA",45.43208,-73.94034,"222","New",2023-09-30 08:27:00,2023-09-30 12:27:00,"MAWA334"
"446",2023-09-30,"09:17","342","MAWA",45.43063,-73.93896,"205","New",2023-09-30 09:17:00,2023-09-30 13:17:00,"MAWA342"
"447",2023-09-30,"09:24","430","MYWA",45.43158,-73.93867,"207","New",2023-09-30 09:24:00,2023-09-30 13:24:00,"MYWA430"
"448",2023-09-30,"09:50","429","MYWA",45.42876,-73.93687,"244","New",2023-09-30 09:50:00,2023-09-30 13:50:00,"MYWA429"
"449",2023-10-01,"08:05","334","MAWA",45.43203,-73.94038,"224","New",2023-10-01 08:05:00,2023-10-01 12:05:00,"MAWA334"
"450",2023-10-01,"08:15","94","HETH",45.4323,-73.94032,"216","New",2023-10-01 08:15:00,2023-10-01 12:15:00,"HETH94"
"451",2023-10-01,"08:31","430","MYWA",45.43307,-73.93949,"209","New",2023-10-01 08:31:00,2023-10-01 12:31:00,"MYWA430"
"452",2023-10-01,"08:33","431","MYWA",45.43311,-73.93951,"211","New",2023-10-01 08:33:00,2023-10-01 12:33:00,"MYWA431"
"453",2023-10-01,"08:49","95","HETH",45.43181,-73.93892,"217","New",2023-10-01 08:49:00,2023-10-01 12:49:00,"HETH95"
"454",2023-10-01,"09:09","90","BHVI",45.4301,-73.94029,"211","New",2023-10-01 09:09:00,2023-10-01 13:09:00,"BHVI90"
"455",2023-10-01,"09:55","93","HETH",45.43088,-73.93894,"221","New",2023-10-01 09:55:00,2023-10-01 13:55:00,"HETH93"
"456",2023-10-01,"10:04","342","MAWA",45.43085,-73.93906,"201","New",2023-10-01 10:04:00,2023-10-01 14:04:00,"MAWA342"
"457",2023-10-01,"10:39","429","MYWA",45.42966,-73.9374,"209","New",2023-10-01 10:39:00,2023-10-01 14:39:00,"MYWA429"
"458",2023-10-02,"08:09","334","MAWA",45.43209,-73.94029,"202","New",2023-10-02 08:09:00,2023-10-02 12:09:00,"MAWA334"
"459",2023-10-02,"08:18","94","HETH",45.43224,-73.94039,"206","New",2023-10-02 08:18:00,2023-10-02 12:18:00,"HETH94"
"460",2023-10-02,"09:25","430","MYWA",45.43003,-73.93769,"206","New",2023-10-02 09:25:00,2023-10-02 13:25:00,"MYWA430"
"461",2023-10-02,"09:58","95","HETH",45.43141,-73.93904,"224","New",2023-10-02 09:58:00,2023-10-02 13:58:00,"HETH95"
"462",2023-10-02,"16:15","430","MYWA",45.43079,-73.93855,"218","New",2023-10-02 16:15:00,2023-10-02 20:15:00,"MYWA430"
"463",2023-10-03,"08:00","97","HETH",45.42952,-73.93946,"250","New",2023-10-03 08:00:00,2023-10-03 12:00:00,"HETH97"
"464",2023-10-03,"09:02","94","HETH",45.43217,-73.94044,"240","New",2023-10-03 09:02:00,2023-10-03 13:02:00,"HETH94"
"465",2023-10-03,"09:19","334","MAWA",45.43211,-73.94025,"217","New",2023-10-03 09:19:00,2023-10-03 13:19:00,"MAWA334"
"466",2023-10-03,"10:06","96","HETH",45.42934,-73.93754,"230","New",2023-10-03 10:06:00,2023-10-03 14:06:00,"HETH96"
"467",2023-10-03,"10:22","95","HETH",45.43164,-73.93904,"234","New",2023-10-03 10:22:00,2023-10-03 14:22:00,"HETH95"
"468",2023-10-04,"07:28","97","HETH",45.43165,-73.93917,"210","New",2023-10-04 07:28:00,2023-10-04 11:28:00,"HETH97"
"469",2023-10-04,"07:38","94","HETH",45.43196,-73.94044,"209","New",2023-10-04 07:38:00,2023-10-04 11:38:00,"HETH94"
"470",2023-10-04,"08:00","93","HETH",45.43192,-73.94026,"219","New",2023-10-04 08:00:00,2023-10-04 12:00:00,"HETH93"
"471",2023-10-04,"08:00","334","MAWA",45.43192,-73.94026,"206","New",2023-10-04 08:00:00,2023-10-04 12:00:00,"MAWA334"
"472",2023-10-04,"08:55","91","BHVI",45.43172,-73.93981,"220","New",2023-10-04 08:55:00,2023-10-04 12:55:00,"BHVI91"
"473",2023-10-04,"09:06","95","HETH",45.43147,-73.93901,"206","New",2023-10-04 09:06:00,2023-10-04 13:06:00,"HETH95"
"474",2023-10-04,"10:13","96","HETH",45.42952,-73.93732,"213","New",2023-10-04 10:13:00,2023-10-04 14:13:00,"HETH96"
"475",2023-10-04,"10:18","337","MAWA",45.43011,-73.94012,"211","New",2023-10-04 10:18:00,2023-10-04 14:18:00,"MAWA337"
"476",2023-10-04,"10:30","90","BHVI",45.43005,-73.94042,"222","New",2023-10-04 10:30:00,2023-10-04 14:30:00,"BHVI90"
"477",2023-10-05,"07:00","91","BHVI",45.43092,-73.93919,"207","New",2023-10-05 07:00:00,2023-10-05 11:00:00,"BHVI91"
"478",2023-10-05,"07:20","430","MYWA",45.43074,-73.93796,"224","New",2023-10-05 07:20:00,2023-10-05 11:20:00,"MYWA430"
"479",2023-10-05,"07:40","95","HETH",45.4317,-73.93958,"220","New",2023-10-05 07:40:00,2023-10-05 11:40:00,"HETH95"
"480",2023-10-05,"07:50","94","HETH",45.43224,-73.94033,"230","New",2023-10-05 07:50:00,2023-10-05 11:50:00,"HETH94"
"481",2023-10-05,"08:00","334","MAWA",45.43218,-73.94033,"218","New",2023-10-05 08:00:00,2023-10-05 12:00:00,"MAWA334"
"482",2023-10-05,"08:20","433","MYWA",45.43255,-73.93929,"232","New",2023-10-05 08:20:00,2023-10-05 12:20:00,"MYWA433"
"483",2023-10-05,"09:16","96","HETH",45.4295,-73.93759,"240","New",2023-10-05 09:16:00,2023-10-05 13:16:00,"HETH96"
"484",2023-10-05,"09:16","100","HETH",45.4295,-73.93759,"232","New",2023-10-05 09:16:00,2023-10-05 13:16:00,"HETH100"
"485",2023-10-05,"10:00","90","BHVI",45.42721,-73.93863,"227","New",2023-10-05 10:00:00,2023-10-05 14:00:00,"BHVI90"
"486",2023-10-06,"09:52","91","BHVI",45.43114,-73.93897,"224","New",2023-10-06 09:52:00,2023-10-06 13:52:00,"BHVI91"
"487",2023-10-06,"10:06","94","HETH",45.43221,-73.94022,"231","New",2023-10-06 10:06:00,2023-10-06 14:06:00,"HETH94"
"488",2023-10-06,"10:17","334","MAWA",45.43213,-73.94025,"226","New",2023-10-06 10:17:00,2023-10-06 14:17:00,"MAWA334"
"489",2023-10-06,"11:44","96","HETH",45.42944,-73.93754,"217","New",2023-10-06 11:44:00,2023-10-06 15:44:00,"HETH96"
"490",2023-10-06,"11:50","100","HETH",45.42948,-73.93759,"211","New",2023-10-06 11:50:00,2023-10-06 15:50:00,"HETH100"
"491",2023-10-06,"11:58","434","MYWA",45.4295,-73.9373,"205","New",2023-10-06 11:58:00,2023-10-06 15:58:00,"MYWA434"
"492",2023-10-06,"12:30","97","HETH",45.43288,-73.93964,"240","New",2023-10-06 12:30:00,2023-10-06 16:30:00,"HETH97"
"493",2023-10-06,"13:30","430","MYWA",45.43071,-73.93864,"210","New",2023-10-06 13:30:00,2023-10-06 17:30:00,"MYWA430"
"494",2023-10-06,"13:53","337","MAWA",45.4293,-73.93916,"223","New",2023-10-06 13:53:00,2023-10-06 17:53:00,"MAWA337"
"495",2023-10-06,"14:00","329-2","MAWA",45.439768,-73.944488,"222","New",2023-10-06 14:00:00,2023-10-06 18:00:00,"MAWA329-2"
"496",2023-10-06,"14:57","93","HETH",45.43073,-73.94199,"203","New",2023-10-06 14:57:00,2023-10-06 18:57:00,"HETH93"
"497",2023-10-06,"15:14","90","BHVI",45.42709,-73.93906,"207","New",2023-10-06 15:14:00,2023-10-06 19:14:00,"BHVI90"
"498",2023-10-06,"16:43","433","MYWA",45.43066,-73.93901,"225","New",2023-10-06 16:43:00,2023-10-06 20:43:00,"MYWA433"
"499",2023-10-08,"09:58","91","BHVI",45.43297,-73.93957,"230","New",2023-10-08 09:58:00,2023-10-08 13:58:00,"BHVI91"
"500",2023-10-08,"10:16","433","MYWA",45.43261,-73.93929,"221","New",2023-10-08 10:16:00,2023-10-08 14:16:00,"MYWA433"
"501",2023-10-08,"10:27","431","MYWA",45.43302,-73.93943,"210","New",2023-10-08 10:27:00,2023-10-08 14:27:00,"MYWA431"
"502",2023-10-08,"10:28","434","MYWA",45.43299,-73.93946,"201","New",2023-10-08 10:28:00,2023-10-08 14:28:00,"MYWA434"
"503",2023-10-08,"10:39","94","HETH",45.43218,-73.94038,"235","New",2023-10-08 10:39:00,2023-10-08 14:39:00,"HETH94"
"504",2023-10-08,"10:45","334","MAWA",45.4322,-73.9404,"215","New",2023-10-08 10:45:00,2023-10-08 14:45:00,"MAWA334"
"505",2023-10-08,"11:10","90","BHVI",45.42991,-73.94057,"209","New",2023-10-08 11:10:00,2023-10-08 15:10:00,"BHVI90"
"506",2023-10-08,"11:18","100","HETH",45.43007,-73.94019,"207","New",2023-10-08 11:18:00,2023-10-08 15:18:00,"HETH100"
"507",2023-10-08,"11:40","96","HETH",45.42945,-73.93804,"225","New",2023-10-08 11:40:00,2023-10-08 15:40:00,"HETH96"
"508",2023-10-08,"12:08","430","MYWA",45.43071,-73.93807,"220","New",2023-10-08 12:08:00,2023-10-08 16:08:00,"MYWA430"
"509",2023-10-08,"12:36","93","HETH",45.43093,-73.939,"209","New",2023-10-08 12:36:00,2023-10-08 16:36:00,"HETH93"
"510",2023-10-08,"12:44","337","MAWA",45.43005,-73.94041,"218","New",2023-10-08 12:44:00,2023-10-08 16:44:00,"MAWA337"
"511",2023-10-09,"12:06","100","HETH",45.42929,-73.93741,"227","New",2023-10-09 12:06:00,2023-10-09 16:06:00,"HETH100"
"512",2023-10-09,"13:36","94","HETH",45.4318,-73.94014,"226","New",2023-10-09 13:36:00,2023-10-09 17:36:00,"HETH94"
"513",2023-10-09,"13:48","334","MAWA",45.43196,-73.94029,"207","New",2023-10-09 13:48:00,2023-10-09 17:48:00,"MAWA334"
"514",2023-10-10,"10:46","94","HETH",45.43274,-73.94047,"245","New",2023-10-10 10:46:00,2023-10-10 14:46:00,"HETH94"
"515",2023-10-10,"11:30","101","HETH",45.42926,-73.93919,"206","New",2023-10-10 11:30:00,2023-10-10 15:30:00,"HETH101"
"516",2023-10-10,"11:41","429","MYWA",45.43231,-73.93658,"231","New",2023-10-10 11:41:00,2023-10-10 15:41:00,"MYWA429"
"517",2023-10-10,"11:41","440","MYWA",45.43229,-73.93652,"240","New",2023-10-10 11:41:00,2023-10-10 15:41:00,"MYWA440"
"518",2023-10-10,"11:54","100","HETH",45.42937,-73.93729,"230","New",2023-10-10 11:54:00,2023-10-10 15:54:00,"HETH100"
"519",2023-10-10,"12:19","96","HETH",45.42995,-73.93826,"219","New",2023-10-10 12:19:00,2023-10-10 16:19:00,"HETH96"
"520",2023-10-10,"13:44","91","BHVI",45.43263,-73.93938,"206","New",2023-10-10 13:44:00,2023-10-10 17:44:00,"BHVI91"
"521",2023-10-10,"14:28","90","BHVI",45.42838,-73.93935,"215","New",2023-10-10 14:28:00,2023-10-10 18:28:00,"BHVI90"
"522",2023-10-11,"09:08","100","HETH",45.42913,-73.93735,"202","New",2023-10-11 09:08:00,2023-10-11 13:08:00,"HETH100"
"523",2023-10-11,"09:19","96","HETH",45.42946,-73.93735,"208","New",2023-10-11 09:19:00,2023-10-11 13:19:00,"HETH96"
"524",2023-10-11,"10:24","94","HETH",45.43179,-73.93982,"211","New",2023-10-11 10:24:00,2023-10-11 14:24:00,"HETH94"
"525",2023-10-11,"10:25","442","MYWA",45.43093,-73.93896,"246","New",2023-10-11 10:25:00,2023-10-11 14:25:00,"MYWA442"
"526",2023-10-11,"10:41","91","BHVI",45.4306,-73.93914,"210","New",2023-10-11 10:41:00,2023-10-11 14:41:00,"BHVI91"
"527",2023-10-11,"10:49","68","BHVI",45.43229,-73.94014,"203","New",2023-10-11 10:49:00,2023-10-11 14:49:00,"BHVI68"
"528",2023-10-11,"11:07","434","MYWA",45.43005,-73.93776,"201","New",2023-10-11 11:07:00,2023-10-11 15:07:00,"MYWA434"
"529",2023-10-11,"11:09","432","MYWA",45.43005,-73.93771,"229","New",2023-10-11 11:09:00,2023-10-11 15:09:00,"MYWA432"
"530",2023-10-11,"11:20","430","MYWA",45.43076,-73.93803,"218","New",2023-10-11 11:20:00,2023-10-11 15:20:00,"MYWA430"
"531",2023-10-11,"11:35","93","HETH",45.43026,-73.93978,"210","New",2023-10-11 11:35:00,2023-10-11 15:35:00,"HETH93"
"532",2023-10-11,"11:50","102","HETH",45.42953,-73.93738,"211","New",2023-10-11 11:50:00,2023-10-11 15:50:00,"HETH102"
"533",2023-10-11,"11:53","95","HETH",45.43312,-73.93953,"250","New",2023-10-11 11:53:00,2023-10-11 15:53:00,"HETH95"
"534",2023-10-11,"12:00","431","MYWA",45.42919,-73.93504,"210","New",2023-10-11 12:00:00,2023-10-11 16:00:00,"MYWA431"
"535",2023-10-12,"08:13","68","BHVI",45.42991,-73.94057,"212","New",2023-10-12 08:13:00,2023-10-12 12:13:00,"BHVI68"
"536",2023-10-12,"08:30","91","BHVI",45.43071,-73.93928,"220","New",2023-10-12 08:30:00,2023-10-12 12:30:00,"BHVI91"
"537",2023-10-12,"08:41","101","HETH",45.42963,-73.93955,"201","New",2023-10-12 08:41:00,2023-10-12 12:41:00,"HETH101"
"538",2023-10-12,"08:59","93","HETH",45.43032,-73.93969,"214","New",2023-10-12 08:59:00,2023-10-12 12:59:00,"HETH93"
"539",2023-10-12,"09:17","439","MYWA",45.43007,-73.93757,"210","New",2023-10-12 09:17:00,2023-10-12 13:17:00,"MYWA439"
"540",2023-10-12,"09:25","96","HETH",45.42998,-73.93771,"216","New",2023-10-12 09:25:00,2023-10-12 13:25:00,"HETH96"
"541",2023-10-12,"09:25","100","HETH",45.42995,-73.93774,"214","New",2023-10-12 09:25:00,2023-10-12 13:25:00,"HETH100"
"542",2023-10-12,"09:30","102","HETH",45.42979,-73.9376,"221","New",2023-10-12 09:30:00,2023-10-12 13:30:00,"HETH102"
"543",2023-10-12,"09:51","94","HETH",45.43193,-73.94025,"235","New",2023-10-12 09:51:00,2023-10-12 13:51:00,"HETH94"
"544",2023-10-12,"10:51","90","BHVI",45.42941,-73.93921,"210","New",2023-10-12 10:51:00,2023-10-12 14:51:00,"BHVI90"
"545",2023-10-12,"11:42","442","MYWA",45.43411,-73.93804,"239","New",2023-10-12 11:42:00,2023-10-12 15:42:00,"MYWA442"
"546",2023-10-12,"13:14","440","MYWA",45.43276,-73.93686,"220","New",2023-10-12 13:14:00,2023-10-12 17:14:00,"MYWA440"
"547",2023-10-12,"13:24","429","MYWA",45.43172,-73.93616,"218","New",2023-10-12 13:24:00,2023-10-12 17:24:00,"MYWA429"
"548",2023-10-12,"14:19","443","MYWA",45.4284,-73.93427,"244","New",2023-10-12 14:19:00,2023-10-12 18:19:00,"MYWA443"
"549",2023-10-12,"15:14","432","MYWA",45.43096,-73.93836,"212","New",2023-10-12 15:14:00,2023-10-12 19:14:00,"MYWA432"
"550",2023-10-13,"08:06","101","HETH",45.42988,-73.94051,"210","New",2023-10-13 08:06:00,2023-10-13 12:06:00,"HETH101"
"551",2023-10-13,"08:37","102","HETH",45.4295,-73.93736,"228","New",2023-10-13 08:37:00,2023-10-13 12:37:00,"HETH102"
"552",2023-10-13,"08:41","96","HETH",45.42948,-73.93748,"215","New",2023-10-13 08:41:00,2023-10-13 12:41:00,"HETH96"
"553",2023-10-13,"08:47","100","HETH",45.42974,-73.93745,"244","New",2023-10-13 08:47:00,2023-10-13 12:47:00,"HETH100"
"554",2023-10-13,"09:35","443","MYWA",45.42875,-73.93427,"208","New",2023-10-13 09:35:00,2023-10-13 13:35:00,"MYWA443"
"555",2023-10-13,"10:00","97","HETH",45.43287,-73.93996,"206","New",2023-10-13 10:00:00,2023-10-13 14:00:00,"HETH97"
"556",2023-10-13,"10:12","442","MYWA",45.43385,-73.93754,"243","New",2023-10-13 10:12:00,2023-10-13 14:12:00,"MYWA442"
"557",2023-10-13,"10:54","440","MYWA",45.43203,-73.93641,"201","New",2023-10-13 10:54:00,2023-10-13 14:54:00,"MYWA440"
"558",2023-10-13,"12:35","71","BHVI",45.4351,-73.94328,"202","New",2023-10-13 12:35:00,2023-10-13 16:35:00,"BHVI71"
"559",2023-10-13,"13:25","95","HETH",45.4345,-73.94519,"219","New",2023-10-13 13:25:00,2023-10-13 17:25:00,"HETH95"
"560",2023-10-13,"14:06","93","HETH",45.431,-73.94237,"218","New",2023-10-13 14:06:00,2023-10-13 18:06:00,"HETH93"
"561",2023-10-14,"10:22","429","MYWA",45.42915,-73.93716,"202","New",2023-10-14 10:22:00,2023-10-14 14:22:00,"MYWA429"
"562",2023-10-14,"10:25","446","MYWA",45.43269,-73.93945,"207","New",2023-10-14 10:25:00,2023-10-14 14:25:00,"MYWA446"
"563",2023-10-14,"10:36","105","HETH",45.42908,-73.93778,"214","New",2023-10-14 10:36:00,2023-10-14 14:36:00,"HETH105"
"564",2023-10-14,"10:42","96","HETH",45.42935,-73.93732,"235","New",2023-10-14 10:42:00,2023-10-14 14:42:00,"HETH96"
"565",2023-10-14,"11:03","444","MYWA",45.43026,-73.93967,"205","New",2023-10-14 11:03:00,2023-10-14 15:03:00,"MYWA444"
"566",2023-10-14,"11:35","102","HETH",45.42957,-73.93938,"218","New",2023-10-14 11:35:00,2023-10-14 15:35:00,"HETH102"
"567",2023-10-14,"11:51","100","HETH",45.42945,-73.93931,"215","New",2023-10-14 11:51:00,2023-10-14 15:51:00,"HETH100"
"568",2023-10-15,"08:46","442","MYWA",45.43063,-73.93901,"218","New",2023-10-15 08:46:00,2023-10-15 12:46:00,"MYWA442"
"569",2023-10-15,"08:59","448","MYWA",45.43052,-73.93914,"205","New",2023-10-15 08:59:00,2023-10-15 12:59:00,"MYWA448"
"570",2023-10-15,"10:08","102","HETH",45.42955,-73.93739,"214","New",2023-10-15 10:08:00,2023-10-15 14:08:00,"HETH102"
"571",2023-10-15,"10:51","443","MYWA",45.42873,-73.9342,"215","New",2023-10-15 10:51:00,2023-10-15 14:51:00,"MYWA443"
"572",2023-10-15,"11:06","105","HETH",45.42915,-73.93796,"212","New",2023-10-15 11:06:00,2023-10-15 15:06:00,"HETH105"
"573",2023-10-15,"11:11","101","HETH",45.42905,-73.93803,"222","New",2023-10-15 11:11:00,2023-10-15 15:11:00,"HETH101"
"574",2023-10-15,"11:24","100","HETH",45.43029,-73.93952,"215","New",2023-10-15 11:24:00,2023-10-15 15:24:00,"HETH100"
"575",2023-10-15,"11:42","444","MYWA",45.43028,-73.93987,"202","New",2023-10-15 11:42:00,2023-10-15 15:42:00,"MYWA444"
"576",2023-10-16,"07:23","100","HETH",45.42969,-73.93756,"211","New",2023-10-16 07:23:00,2023-10-16 11:23:00,"HETH100"
"577",2023-10-16,"07:33","102","HETH",45.42949,-73.93729,"202","New",2023-10-16 07:33:00,2023-10-16 11:33:00,"HETH102"
"578",2023-10-16,"08:30","71","BHVI",45.43392,-73.9408,"201","New",2023-10-16 08:30:00,2023-10-16 12:30:00,"BHVI71"
"579",2023-10-16,"09:30","103","HETH",45.4301,-73.94016,"210","New",2023-10-16 09:30:00,2023-10-16 13:30:00,"HETH103"
"580",2023-10-16,"09:55","448","MYWA",45.4308,-73.93855,"201","New",2023-10-16 09:55:00,2023-10-16 13:55:00,"MYWA448"
"581",2023-10-16,"10:30","444","MYWA",45.42894,-73.93989,"231","New",2023-10-16 10:30:00,2023-10-16 14:30:00,"MYWA444"
"582",2023-10-16,"11:18","105","HETH",45.42787,-73.938,"232","New",2023-10-16 11:18:00,2023-10-16 15:18:00,"HETH105"
"583",2023-10-16,"11:41","101","HETH",45.42865,-73.93933,"205","New",2023-10-16 11:41:00,2023-10-16 15:41:00,"HETH101"
"584",2023-10-17,"10:46","102","HETH",45.42943,-73.93764,"204","New",2023-10-17 10:46:00,2023-10-17 14:46:00,"HETH102"
"585",2023-10-17,"11:57","442","MYWA",45.4341,-73.93775,"219","New",2023-10-17 11:57:00,2023-10-17 15:57:00,"MYWA442"
"586",2023-10-17,"12:40","444","MYWA",45.42851,-73.93922,"244","New",2023-10-17 12:40:00,2023-10-17 16:40:00,"MYWA444"
"587",2023-10-17,"13:07","103","HETH",45.43029,-73.93977,"214","New",2023-10-17 13:07:00,2023-10-17 17:07:00,"HETH103"
"588",2023-10-18,"07:55","442","MYWA",45.43062,-73.93917,"210","New",2023-10-18 07:55:00,2023-10-18 11:55:00,"MYWA442"
"589",2023-10-18,"08:00","448","MYWA",45.43044,-73.93925,"220","New",2023-10-18 08:00:00,2023-10-18 12:00:00,"MYWA448"
"590",2023-10-18,"08:01","101","HETH",45.42879,-73.93932,"213","New",2023-10-18 08:01:00,2023-10-18 12:01:00,"HETH101"
"591",2023-10-18,"08:15","103","HETH",45.43023,-73.94003,"239","New",2023-10-18 08:15:00,2023-10-18 12:15:00,"HETH103"
"592",2023-10-18,"08:29","102","HETH",45.42923,-73.93871,"216","New",2023-10-18 08:29:00,2023-10-18 12:29:00,"HETH102"
"593",2023-10-18,"08:30","444","MYWA",45.42855,-73.93886,"210","New",2023-10-18 08:30:00,2023-10-18 12:30:00,"MYWA444"
"594",2023-10-18,"09:15","443","MYWA",45.42981,-73.93482,"201","New",2023-10-18 09:15:00,2023-10-18 13:15:00,"MYWA443"
"595",2023-10-18,"09:31","105","HETH",45.4289,-73.93866,"215","New",2023-10-18 09:31:00,2023-10-18 13:31:00,"HETH105"
"596",2023-10-18,"10:28","334","MAWA",45.43204,-73.94038,"209","New",2023-10-18 10:28:00,2023-10-18 14:28:00,"MAWA334"
"597",2023-10-19,"07:30","101","HETH",45.42946,-73.93936,"250","New",2023-10-19 07:30:00,2023-10-19 11:30:00,"HETH101"
"598",2023-10-19,"07:50","110","HETH",45.43147,-73.93908,"208","New",2023-10-19 07:50:00,2023-10-19 11:50:00,"HETH110"
"599",2023-10-19,"08:14","73","BHVI",45.43087,-73.93954,"221","New",2023-10-19 08:14:00,2023-10-19 12:14:00,"BHVI73"
"600",2023-10-19,"08:19","108","HETH",45.43093,-73.93958,"220","New",2023-10-19 08:19:00,2023-10-19 12:19:00,"HETH108"
"601",2023-10-19,"08:27","448","MYWA",45.4305,-73.93906,"208","New",2023-10-19 08:27:00,2023-10-19 12:27:00,"MYWA448"
"602",2023-10-19,"08:36","106","HETH",45.42964,-73.94058,"230","New",2023-10-19 08:36:00,2023-10-19 12:36:00,"HETH106"
"603",2023-10-19,"08:37","102","HETH",45.42893,-73.93854,"222","New",2023-10-19 08:37:00,2023-10-19 12:37:00,"HETH102"
"604",2023-10-19,"08:50","107","HETH",45.42989,-73.93774,"208","New",2023-10-19 08:50:00,2023-10-19 12:50:00,"HETH107"
"605",2023-10-19,"10:00","109","HETH",45.43064,-73.94073,"208","New",2023-10-19 10:00:00,2023-10-19 14:00:00,"HETH109"
"606",2023-10-19,"10:00","444","MYWA",45.43064,-73.94073,"204","New",2023-10-19 10:00:00,2023-10-19 14:00:00,"MYWA444"
"607",2023-10-20,"08:01","73","BHVI",45.43062,-73.93925,"210","New",2023-10-20 08:01:00,2023-10-20 12:01:00,"BHVI73"
"608",2023-10-20,"08:16","444","MYWA",45.43075,-73.93941,"211","New",2023-10-20 08:16:00,2023-10-20 12:16:00,"MYWA444"
"609",2023-10-20,"08:25","106","HETH",45.42992,-73.94054,"229","New",2023-10-20 08:25:00,2023-10-20 12:25:00,"HETH106"
"610",2023-10-20,"08:39","108","HETH",45.43005,-73.94034,"214","New",2023-10-20 08:39:00,2023-10-20 12:39:00,"HETH108"
"611",2023-10-20,"08:40","111","HETH",45.4301,-73.94027,"245","New",2023-10-20 08:40:00,2023-10-20 12:40:00,"HETH111"
"612",2023-10-20,"08:59","448","MYWA",45.43024,-73.93786,"201","New",2023-10-20 08:59:00,2023-10-20 12:59:00,"MYWA448"
"613",2023-10-20,"09:06","107","HETH",45.42961,-73.93742,"220","New",2023-10-20 09:06:00,2023-10-20 13:06:00,"HETH107"
"614",2023-10-20,"11:06","110","HETH",45.43205,-73.93895,"250","New",2023-10-20 11:06:00,2023-10-20 15:06:00,"HETH110"
"615",2023-10-20,"11:10","112","HETH",45.43226,-73.93998,"206","New",2023-10-20 11:10:00,2023-10-20 15:10:00,"HETH112"
"616",2023-10-20,"11:36","109","HETH",45.43028,-73.93983,"213","New",2023-10-20 11:36:00,2023-10-20 15:36:00,"HETH109"
"617",2023-10-23,"07:57","103","HETH",45.43023,-73.9399,"205","New",2023-10-23 07:57:00,2023-10-23 11:57:00,"HETH103"
"618",2023-10-23,"08:13","106","HETH",45.42944,-73.94055,"218","New",2023-10-23 08:13:00,2023-10-23 12:13:00,"HETH106"
"619",2023-10-23,"09:07","448","MYWA",45.43083,-73.94006,"205","New",2023-10-23 09:07:00,2023-10-23 13:07:00,"MYWA448"
"620",2023-10-23,"09:34","110","HETH",45.43184,-73.94009,"215","New",2023-10-23 09:34:00,2023-10-23 13:34:00,"HETH110"
"621",2023-10-23,"10:09","101","HETH",45.43104,-73.93871,"201","New",2023-10-23 10:09:00,2023-10-23 14:09:00,"HETH101"
"622",2023-10-23,"10:52","73","BHVI",45.4289,-73.93839,"223","New",2023-10-23 10:52:00,2023-10-23 14:52:00,"BHVI73"
"623",2023-10-23,"12:19","108","HETH",45.43062,-73.93925,"246","New",2023-10-23 12:19:00,2023-10-23 16:19:00,"HETH108"
"624",2023-10-23,"12:52","105","HETH",45.42861,-73.9378,"204","New",2023-10-23 12:52:00,2023-10-23 16:52:00,"HETH105"
"625",2023-10-23,"14:12","107","HETH",45.42974,-73.93782,"206","New",2023-10-23 14:12:00,2023-10-23 18:12:00,"HETH107"
"626",2023-10-23,"15:12","113","HETH",45.43171,-73.9397,"230","New",2023-10-23 15:12:00,2023-10-23 19:12:00,"HETH113"
"627",2023-10-24,"10:00","115","HETH",45.43019,-73.93999,"250","New",2023-10-24 10:00:00,2023-10-24 14:00:00,"HETH115"
"628",2023-10-24,"10:47","114","HETH",45.43047,-73.93922,"216","New",2023-10-24 10:47:00,2023-10-24 14:47:00,"HETH114"
"629",2023-10-24,"10:55","111","HETH",45.43019,-73.94005,"214","New",2023-10-24 10:55:00,2023-10-24 14:55:00,"HETH111"
"630",2023-10-24,"10:59","109","HETH",45.43026,-73.93991,"216","New",2023-10-24 10:59:00,2023-10-24 14:59:00,"HETH109"
"631",2023-10-24,"11:04","103","HETH",45.43026,-73.9398,"230","New",2023-10-24 11:04:00,2023-10-24 15:04:00,"HETH103"
"632",2023-10-24,"11:12","101","HETH",45.42917,-73.93899,"215","New",2023-10-24 11:12:00,2023-10-24 15:12:00,"HETH101"
"633",2023-10-24,"12:00","108","HETH",45.43172,-73.93955,"250","New",2023-10-24 12:00:00,2023-10-24 16:00:00,"HETH108"
"634",2023-10-24,"12:10","110","HETH",45.43102,-73.93877,"218","New",2023-10-24 12:10:00,2023-10-24 16:10:00,"HETH110"
"635",2023-10-24,"12:25","107","HETH",45.42978,-73.93771,"210","New",2023-10-24 12:25:00,2023-10-24 16:25:00,"HETH107"
"636",2023-10-24,"12:50","448","MYWA",45.43079,-73.93852,"233","New",2023-10-24 12:50:00,2023-10-24 16:50:00,"MYWA448"
"637",2023-10-24,"13:48","106","HETH",45.42899,-73.93988,"218","New",2023-10-24 13:48:00,2023-10-24 17:48:00,"HETH106"
"638",2023-10-25,"07:28","114","HETH",45.4296,-73.93851,"204","New",2023-10-25 07:28:00,2023-10-25 11:28:00,"HETH114"
"639",2023-10-25,"09:18","108","HETH",45.43066,-73.93923,"211","New",2023-10-25 09:18:00,2023-10-25 13:18:00,"HETH108"
"640",2023-10-25,"09:29","109","HETH",45.43016,-73.94005,"215","New",2023-10-25 09:29:00,2023-10-25 13:29:00,"HETH109"
"641",2023-10-25,"09:33","110","HETH",45.43011,-73.94016,"205","New",2023-10-25 09:33:00,2023-10-25 13:33:00,"HETH110"
"642",2023-10-25,"09:54","107","HETH",45.42953,-73.93801,"216","New",2023-10-25 09:54:00,2023-10-25 13:54:00,"HETH107"
"643",2023-10-25,"10:03","100","HETH",45.429,-73.93868,"205","New",2023-10-25 10:03:00,2023-10-25 14:03:00,"HETH100"
"644",2023-10-25,"10:09","73","BHVI",45.42898,-73.93865,"201","New",2023-10-25 10:09:00,2023-10-25 14:09:00,"BHVI73"
"645",2023-10-25,"10:21","111","HETH",45.43021,-73.93995,"203","New",2023-10-25 10:21:00,2023-10-25 14:21:00,"HETH111"
"646",2023-10-25,"10:26","106","HETH",45.42996,-73.94044,"204","New",2023-10-25 10:26:00,2023-10-25 14:26:00,"HETH106"
"647",2023-10-25,"10:46","113","HETH",45.43178,-73.93982,"222","New",2023-10-25 10:46:00,2023-10-25 14:46:00,"HETH113"
"648",2023-10-25,"10:49","116","HETH",45.43186,-73.94008,"243","New",2023-10-25 10:49:00,2023-10-25 14:49:00,"HETH116"
"649",2023-10-26,"07:44","114","HETH",45.43043,-73.93934,"240","New",2023-10-26 07:44:00,2023-10-26 11:44:00,"HETH114"
"650",2023-10-26,"07:50","103","HETH",45.4303,-73.93988,"250","New",2023-10-26 07:50:00,2023-10-26 11:50:00,"HETH103"
"651",2023-10-26,"08:15","448","MYWA",45.43125,-73.93858,"207","New",2023-10-26 08:15:00,2023-10-26 12:15:00,"MYWA448"
"652",2023-10-26,"08:25","110","HETH",45.43147,-73.93914,"250","New",2023-10-26 08:25:00,2023-10-26 12:25:00,"HETH110"
"653",2023-10-26,"08:39","116","HETH",45.43173,-73.93996,"231","New",2023-10-26 08:39:00,2023-10-26 12:39:00,"HETH116"
"654",2023-10-26,"08:43","113","HETH",45.43178,-73.93995,"230","New",2023-10-26 08:43:00,2023-10-26 12:43:00,"HETH113"
"655",2023-10-26,"09:20","101","HETH",45.42899,-73.93868,"210","New",2023-10-26 09:20:00,2023-10-26 13:20:00,"HETH101"
"656",2023-10-26,"09:24","73","BHVI",45.42932,-73.93917,"220","New",2023-10-26 09:24:00,2023-10-26 13:24:00,"BHVI73"
"657",2023-10-26,"09:39","107","HETH",45.42984,-73.93757,"233","New",2023-10-26 09:39:00,2023-10-26 13:39:00,"HETH107"
"658",2023-10-26,"10:29","108","HETH",45.43069,-73.93918,"212","New",2023-10-26 10:29:00,2023-10-26 14:29:00,"HETH108"
"659",2023-10-26,"10:34","105","HETH",45.43018,-73.93781,"211","New",2023-10-26 10:34:00,2023-10-26 14:34:00,"HETH105"
"660",2023-10-26,"10:49","111","HETH",45.43002,-73.94032,"215","New",2023-10-26 10:49:00,2023-10-26 14:49:00,"HETH111"
"661",2023-10-26,"11:52","106","HETH",45.42925,-73.94019,"203","New",2023-10-26 11:52:00,2023-10-26 15:52:00,"HETH106"
"662",2023-10-27,"07:53","103","HETH",45.43023,-73.93989,"248","New",2023-10-27 07:53:00,2023-10-27 11:53:00,"HETH103"
"663",2023-10-27,"07:55","109","HETH",45.43023,-73.93996,"223","New",2023-10-27 07:55:00,2023-10-27 11:55:00,"HETH109"
"664",2023-10-27,"08:08","106","HETH",45.42967,-73.93953,"207","New",2023-10-27 08:08:00,2023-10-27 12:08:00,"HETH106"
"665",2023-10-27,"08:29","114","HETH",45.43,-73.93769,"211","New",2023-10-27 08:29:00,2023-10-27 12:29:00,"HETH114"
"666",2023-10-27,"08:35","443","MYWA",45.42956,-73.93737,"205","New",2023-10-27 08:35:00,2023-10-27 12:35:00,"MYWA443"
"667",2023-10-27,"09:25","110","HETH",45.43168,-73.93957,"233","New",2023-10-27 09:25:00,2023-10-27 13:25:00,"HETH110"
"668",2023-10-27,"09:27","113","HETH",45.43171,-73.9397,"231","New",2023-10-27 09:27:00,2023-10-27 13:27:00,"HETH113"
"669",2023-10-27,"09:39","107","HETH",45.43159,-73.93929,"205","New",2023-10-27 09:39:00,2023-10-27 13:39:00,"HETH107"
"670",2023-10-27,"10:00","116","HETH",45.43181,-73.94018,"226","New",2023-10-27 10:00:00,2023-10-27 14:00:00,"HETH116"
"671",2023-10-27,"10:01","448","MYWA",45.43191,-73.93885,"202","New",2023-10-27 10:01:00,2023-10-27 14:01:00,"MYWA448"
"672",2023-10-27,"10:18","73","BHVI",45.42898,-73.93873,"205","New",2023-10-27 10:18:00,2023-10-27 14:18:00,"BHVI73"
"673",2023-10-27,"10:30","111","HETH",45.42898,-73.93971,"220","New",2023-10-27 10:30:00,2023-10-27 14:30:00,"HETH111"
"674",2023-10-27,"11:40","105","HETH",45.42863,-73.93822,"205","New",2023-10-27 11:40:00,2023-10-27 15:40:00,"HETH105"
"675",2023-10-27,"11:45","100","HETH",45.42903,-73.93814,"201","New",2023-10-27 11:45:00,2023-10-27 15:45:00,"HETH100"
"676",2023-10-28,"09:33","111","HETH",45.43038,-73.93977,"220","New",2023-10-28 09:33:00,2023-10-28 13:33:00,"HETH111"
"677",2023-10-28,"09:39","106","HETH",45.42973,-73.94068,"229","New",2023-10-28 09:39:00,2023-10-28 13:39:00,"HETH106"
"678",2023-10-28,"10:20","110","HETH",45.43175,-73.93969,"220","New",2023-10-28 10:20:00,2023-10-28 14:20:00,"HETH110"
"679",2023-10-28,"10:23","107","HETH",45.43174,-73.93979,"217","New",2023-10-28 10:23:00,2023-10-28 14:23:00,"HETH107"
"680",2023-10-28,"11:03","448","MYWA",45.43118,-73.93877,"221","New",2023-10-28 11:03:00,2023-10-28 15:03:00,"MYWA448"
"681",2023-10-28,"11:22","73","BHVI",45.429,-73.93866,"210","New",2023-10-28 11:22:00,2023-10-28 15:22:00,"BHVI73"
"682",2023-10-28,"13:00","105","HETH",45.42776,-73.93827,"210","New",2023-10-28 13:00:00,2023-10-28 17:00:00,"HETH105"
"683",2023-10-29,"08:30","116","HETH",45.43185,-73.93993,"210","New",2023-10-29 08:30:00,2023-10-29 12:30:00,"HETH116"
"684",2023-10-29,"08:43","114","HETH",45.43009,-73.93855,"250","New",2023-10-29 08:43:00,2023-10-29 12:43:00,"HETH114"
"685",2023-10-29,"08:45","109","HETH",45.43019,-73.93996,"250","New",2023-10-29 08:45:00,2023-10-29 12:45:00,"HETH109"
"686",2023-10-29,"11:11","114","HETH",45.43003,-73.93833,"248","New",2023-10-29 11:11:00,2023-10-29 15:11:00,"HETH114"
"687",2023-10-29,"11:14","109","HETH",45.43005,-73.93837,"246","New",2023-10-29 11:14:00,2023-10-29 15:14:00,"HETH109"
"688",2023-10-31,"10:00","108","HETH",45.43062,-73.94009,"220","New",2023-10-31 10:00:00,2023-10-31 14:00:00,"HETH108"
"689",2023-10-31,"10:00","109","HETH",45.43062,-73.94009,"225","New",2023-10-31 10:00:00,2023-10-31 14:00:00,"HETH109"
"690",2023-10-31,"10:55","114","HETH",45.43005,-73.93832,"250","New",2023-10-31 10:55:00,2023-10-31 14:55:00,"HETH114"
"691",2023-10-31,"12:00","116","HETH",45.43181,-73.94,"209","New",2023-10-31 12:00:00,2023-10-31 16:00:00,"HETH116"
"692",2023-11-02,"10:55","116","HETH",45.43169,-73.93967,"228","New",2023-11-02 10:55:00,2023-11-02 14:55:00,"HETH116"
"693",2023-11-02,"11:49","108","HETH",45.43042,-73.94009,"203","New",2023-11-02 11:49:00,2023-11-02 15:49:00,"HETH108"
"694",2023-11-02,"12:36","114","HETH",45.42992,-73.93827,"230","New",2023-11-02 12:36:00,2023-11-02 16:36:00,"HETH114"
"695",2023-11-03,"10:55","116","HETH",45.43179,-73.93986,"203","New",2023-11-03 10:55:00,2023-11-03 14:55:00,"HETH116"
"696",2023-11-03,"11:30","114","HETH",45.43021,-73.93833,"226","New",2023-11-03 11:30:00,2023-11-03 15:30:00,"HETH114"
"697",2023-11-03,"14:00","115","HETH",45.42457,-73.94257,"250","New",2023-11-03 14:00:00,2023-11-03 18:00:00,"HETH115"
"698",2023-11-04,"10:50","108","HETH",45.43024,-73.93993,"207","New",2023-11-04 10:50:00,2023-11-04 14:50:00,"HETH108"
"699",2023-11-04,"11:05","114","HETH",45.43026,-73.93819,"209","New",2023-11-04 11:05:00,2023-11-04 15:05:00,"HETH114"
"700",2023-11-04,"11:22","116","HETH",45.43181,-73.93993,"211","New",2023-11-04 11:22:00,2023-11-04 15:22:00,"HETH116"
"701",2023-11-04,"12:00","117","HETH",45.43239,-73.93918,"246","New",2023-11-04 12:00:00,2023-11-04 16:00:00,"HETH117"
"702",2023-11-08,"10:15","108","HETH",45.43029,-73.94017,"234","New",2023-11-08 10:15:00,2023-11-08 15:15:00,"HETH108"
"703",2023-11-10,"11:55","117","HETH",45.43154,-73.93911,"250","New",2023-11-10 11:55:00,2023-11-10 16:55:00,"HETH117"
"704",2023-11-13,"10:31","117","HETH",45.43143,-73.93862,"151","Old",2023-11-13 10:31:00,2023-11-13 15:31:00,"HETH117"
